品类,月份,库存量
category225,2023/6/1,4676058 
category84,2023/1/1,4421974 
category21,2023/1/1,4411095 
category84,2022/7/1,3689222 
category84,2023/2/1,3431261 
category225,2023/3/1,3133157 
category225,2022/7/1,3095300 
category225,2023/1/1,2966388 
category84,2023/6/1,2913526 
category225,2023/2/1,2890619 
category225,2022/8/1,2799741 
category225,2023/4/1,2770633 
category225,2023/5/1,2723946 
category21,2023/6/1,2708773 
category254,2023/6/1,2675098 
category84,2023/3/1,2660037 
category21,2023/2/1,2651531 
category84,2022/8/1,2505403 
category42,2022/9/1,2467824 
category225,2022/9/1,2448966 
category42,2022/8/1,2436194 
category21,2022/7/1,2379868 
category42,2023/1/1,2354761 
category42,2023/2/1,2349618 
category42,2022/7/1,2306150 
category141,2023/1/1,2260125 
category84,2022/9/1,2136638 
category84,2023/4/1,2090701 
category42,2023/3/1,2064744 
category21,2023/3/1,2062100 
category141,2022/9/1,2036315 
category254,2023/1/1,1975639 
category254,2023/5/1,1882343 
category209,2022/7/1,1864077 
category21,2022/9/1,1847483 
category84,2023/5/1,1846707 
category141,2022/8/1,1829109 
category42,2023/6/1,1808391 
category209,2022/8/1,1778521 
category21,2022/8/1,1770288 
category254,2022/7/1,1765556 
category42,2023/4/1,1763945 
category141,2023/2/1,1731460 
category141,2022/7/1,1709579 
category141,2023/3/1,1653061 
category21,2023/4/1,1625555 
category209,2022/9/1,1601044 
category254,2022/9/1,1595692 
category254,2022/8/1,1592938 
category42,2023/5/1,1588575 
category141,2023/4/1,1566902 
category254,2023/2/1,1565495 
category21,2023/5/1,1555956 
category141,2023/5/1,1486768 
category209,2023/4/1,1406055 
category254,2023/3/1,1404770 
category209,2023/5/1,1397745 
category209,2023/1/1,1326066 
category254,2023/4/1,1305514 
category141,2023/6/1,1277890 
category209,2023/2/1,1273423 
category209,2023/3/1,1256435 
category137,2023/6/1,1228225 
category2,2023/6/1,1223950 
category308,2023/6/1,1136474 
category209,2023/6/1,1082572 
category137,2023/2/1,1066015 
category137,2023/1/1,1052907 
category153,2023/1/1,1035659 
category20,2023/6/1,998721 
category65,2022/7/1,959127 
category153,2023/2/1,913943 
category164,2023/6/1,902611 
category153,2022/8/1,894672 
category153,2022/7/1,893591 
category20,2022/7/1,874100 
category20,2023/1/1,860071 
category40,2022/7/1,844069 
category276,2023/1/1,842452 
category137,2023/3/1,841817 
category40,2023/6/1,840585 
category197,2023/6/1,828850 
category40,2023/3/1,821467 
category137,2023/5/1,816840 
category137,2023/4/1,813666 
category276,2023/6/1,813532 
category2,2022/7/1,811283 
category164,2022/7/1,798561 
category2,2023/1/1,790470 
category65,2023/6/1,780094 
category20,2023/2/1,770605 
category137,2022/9/1,748353 
category40,2023/2/1,739347 
category20,2022/8/1,739007 
category197,2023/5/1,718364 
category197,2023/2/1,717202 
category40,2023/1/1,716685 
category87,2023/1/1,707225 
category102,2023/1/1,705287 
category60,2023/6/1,702849 
category102,2023/6/1,702408 
category2,2023/2/1,699126 
category65,2022/8/1,679229 
category308,2023/2/1,671128 
category308,2023/3/1,659795 
category276,2022/7/1,658859 
category197,2023/1/1,657185 
category197,2023/4/1,656664 
category130,2023/2/1,655199 
category2,2022/8/1,652796 
category2,2023/3/1,650986 
category276,2023/3/1,646711 
category153,2023/3/1,645417 
category60,2022/7/1,639427 
category20,2023/3/1,638687 
category276,2023/2/1,637785 
category20,2022/9/1,637292 
category276,2023/4/1,637023 
category308,2023/5/1,636002 
category276,2023/5/1,628926 
category65,2023/1/1,628789 
category197,2023/3/1,628336 
category279,2023/6/1,624793 
category308,2023/4/1,613699 
category65,2022/9/1,611954 
category276,2022/9/1,610063 
category276,2022/8/1,607660 
category308,2022/7/1,605595 
category40,2022/8/1,603528 
category164,2023/2/1,599986 
category20,2023/5/1,594010 
category65,2023/2/1,585978 
category197,2022/7/1,584434 
category279,2022/7/1,583854 
category164,2023/1/1,578676 
category102,2023/2/1,576453 
category40,2022/9/1,571117 
category279,2023/3/1,567438 
category308,2023/1/1,565508 
category60,2023/1/1,565141 
category2,2022/9/1,564418 
category102,2022/7/1,561977 
category279,2022/8/1,560681 
category130,2023/1/1,559657 
category20,2023/4/1,559506 
category279,2023/5/1,559447 
category2,2023/4/1,558724 
category308,2022/9/1,557901 
category65,2023/5/1,556434 
category279,2023/1/1,554013 
category164,2022/8/1,550120 
category60,2023/5/1,548783 
category65,2023/3/1,547422 
category2,2023/5/1,546004 
category87,2022/7/1,545547 
category87,2023/2/1,539584 
category40,2023/4/1,538270 
category243,2023/6/1,537836 
category130,2022/7/1,537259 
category263,2023/6/1,535916 
category279,2022/9/1,534198 
category197,2022/8/1,531919 
category60,2023/2/1,530045 
category87,2023/6/1,524962 
category192,2023/1/1,523527 
category79,2022/9/1,522950 
category60,2022/8/1,521049 
category60,2023/3/1,519570 
category323,2022/7/1,515852 
category87,2022/8/1,511187 
category279,2023/2/1,510534 
category279,2023/4/1,503826 
category60,2023/4/1,501323 
category153,2022/9/1,493190 
category102,2023/3/1,489520 
category308,2022/8/1,484947 
category164,2023/5/1,480942 
category130,2023/6/1,478360 
category164,2022/9/1,472104 
category197,2022/9/1,471573 
category245,2023/6/1,471092 
category65,2023/4/1,467717 
category164,2023/4/1,465207 
category153,2023/4/1,462699 
category243,2023/1/1,460670 
category40,2023/5/1,458676 
category243,2022/7/1,454823 
category259,2022/7/1,450816 
category104,2023/6/1,447620 
category164,2023/3/1,444684 
category87,2023/3/1,439286 
category109,2023/6/1,436790 
category102,2022/8/1,435750 
category130,2023/3/1,435545 
category102,2022/9/1,427502 
category259,2023/6/1,420015 
category245,2023/1/1,418786 
category87,2023/5/1,416896 
category130,2022/8/1,416780 
category87,2022/9/1,415760 
category102,2023/5/1,415691 
category166,2023/6/1,415544 
category109,2023/5/1,407561 
category259,2022/8/1,405451 
category243,2023/2/1,404188 
category87,2023/4/1,400140 
category109,2023/4/1,396361 
category323,2022/8/1,393048 
category280,2023/1/1,392383 
category243,2022/8/1,391572 
category109,2023/3/1,390659 
category237,2022/7/1,389432 
category30,2022/7/1,388594 
category102,2023/4/1,384087 
category259,2023/5/1,382565 
category60,2022/9/1,382527 
category30,2023/6/1,382503 
category259,2023/4/1,382082 
category153,2023/6/1,375739 
category263,2023/1/1,374880 
category153,2023/5/1,374592 
category109,2023/2/1,371221 
category237,2023/6/1,370230 
category130,2022/9/1,369601 
category245,2023/2/1,369240 
category130,2023/4/1,365006 
category109,2023/1/1,362790 
category263,2023/2/1,358996 
category237,2022/8/1,358127 
category30,2023/1/1,357478 
category79,2023/6/1,355053 
category48,2023/6/1,352067 
category259,2022/9/1,350105 
category280,2023/6/1,344781 
category283,2023/6/1,343098 
category259,2023/3/1,340978 
category259,2023/1/1,340409 
category313,2023/6/1,340130 
category166,2022/7/1,338489 
category280,2022/7/1,337985 
category242,2023/1/1,336827 
category263,2023/3/1,336751 
category109,2022/8/1,336152 
category95,2022/7/1,336018 
category104,2023/5/1,334712 
category245,2023/3/1,333912 
category109,2022/7/1,333310 
category166,2023/1/1,332269 
category245,2022/7/1,331365 
category243,2023/5/1,330165 
category48,2023/1/1,326039 
category243,2023/3/1,325284 
category226,2023/6/1,324197 
category263,2022/7/1,323316 
category109,2022/9/1,322865 
category30,2023/2/1,322427 
category266,2023/6/1,321537 
category95,2022/8/1,321081 
category166,2023/2/1,318594 
category243,2022/9/1,317793 
category245,2023/5/1,317630 
category86,2023/6/1,312809 
category95,2023/6/1,312524 
category263,2023/4/1,310823 
category130,2023/5/1,310524 
category195,2023/6/1,309631 
category183,2023/6/1,309461 
category95,2023/4/1,308860 
category280,2023/3/1,308725 
category266,2022/7/1,307160 
category280,2023/2/1,307135 
category243,2023/4/1,305045 
category259,2023/2/1,304729 
category263,2023/5/1,304142 
category313,2022/7/1,300301 
category237,2023/3/1,300115 
category30,2023/3/1,298936 
category223,2023/6/1,298804 
category185,2023/6/1,296732 
category32,2022/7/1,296419 
category44,2023/6/1,293967 
category30,2022/9/1,292506 
category32,2022/8/1,291714 
category86,2023/1/1,291205 
category95,2023/5/1,290498 
category237,2023/5/1,290438 
category61,2023/6/1,290319 
category95,2023/1/1,288834 
category245,2023/4/1,288718 
category86,2023/5/1,287201 
category30,2022/8/1,285997 
category166,2023/3/1,284688 
category166,2023/4/1,283033 
category48,2023/3/1,281033 
category186,2023/6/1,280435 
category32,2023/6/1,279942 
category86,2023/2/1,279656 
category95,2023/3/1,279512 
category263,2022/8/1,278003 
category30,2023/5/1,277904 
category95,2022/9/1,277628 
category86,2023/3/1,276605 
category30,2023/4/1,274416 
category32,2023/4/1,274051 
category32,2023/3/1,271918 
category95,2023/2/1,270819 
category200,2023/1/1,269140 
category104,2023/4/1,269019 
category299,2023/1/1,268685 
category48,2022/7/1,265257 
category32,2023/5/1,264789 
category313,2023/1/1,264710 
category237,2023/2/1,263018 
category280,2022/8/1,262743 
category188,2023/6/1,262725 
category237,2023/1/1,262182 
category299,2023/2/1,260797 
category32,2022/9/1,260469 
category263,2022/9/1,259403 
category61,2023/5/1,259234 
category237,2023/4/1,259190 
category61,2023/1/1,257595 
category48,2022/8/1,257524 
category283,2022/7/1,257504 
category86,2023/4/1,256274 
category313,2023/5/1,255835 
category280,2023/5/1,254841 
category323,2022/9/1,254461 
category237,2022/9/1,254400 
category242,2023/6/1,254362 
category166,2023/5/1,253352 
category48,2023/2/1,252358 
category48,2022/9/1,248771 
category226,2023/5/1,247267 
category299,2022/8/1,247074 
category61,2022/7/1,247068 
category195,2022/7/1,245796 
category32,2023/2/1,245278 
category299,2022/9/1,245248 
category280,2023/4/1,244247 
category299,2023/4/1,241548 
category299,2022/7/1,241518 
category166,2022/8/1,240210 
category283,2022/9/1,239658 
category86,2022/8/1,239654 
category299,2023/3/1,239619 
category313,2023/4/1,239259 
category313,2022/8/1,237956 
category242,2023/2/1,237744 
category77,2023/5/1,236917 
category61,2023/4/1,234350 
category223,2022/7/1,233842 
category283,2022/8/1,233010 
category86,2022/9/1,231655 
category299,2023/5/1,230010 
category245,2022/8/1,229136 
category283,2023/1/1,228895 
category226,2023/4/1,228473 
category299,2023/6/1,227752 
category15,2023/6/1,227671 
category245,2022/9/1,227127 
category86,2022/7/1,226325 
category32,2023/1/1,226324 
category61,2022/8/1,226270 
category195,2023/1/1,225988 
category128,2023/1/1,225432 
category303,2023/2/1,224622 
category77,2023/6/1,222482 
category44,2023/2/1,220917 
category280,2022/9/1,220331 
category283,2023/5/1,219104 
category266,2023/5/1,218844 
category242,2022/9/1,216790 
category15,2023/1/1,215329 
category128,2023/2/1,213641 
category223,2022/8/1,212538 
category63,2023/1/1,212031 
category61,2023/3/1,211985 
category89,2023/6/1,211673 
category61,2022/9/1,209476 
category15,2022/7/1,207778 
category166,2022/9/1,206928 
category161,2022/7/1,206399 
category15,2022/9/1,205495 
category77,2023/1/1,203882 
category283,2023/4/1,203170 
category79,2022/8/1,203037 
category128,2022/8/1,202947 
category104,2023/1/1,202662 
category303,2023/1/1,202365 
category262,2022/7/1,200662 
category200,2023/6/1,200514 
category128,2022/9/1,200200 
category185,2023/2/1,200039 
category48,2023/4/1,199995 
category63,2023/2/1,199950 
category200,2023/2/1,199926 
category313,2023/3/1,199727 
category12,2023/1/1,198869 
category104,2023/3/1,198433 
category97,2023/6/1,197663 
category58,2023/6/1,197643 
category15,2023/3/1,197470 
category169,2023/6/1,197194 
category182,2022/9/1,195249 
category195,2023/3/1,194885 
category185,2022/7/1,194789 
category15,2022/8/1,192157 
category203,2022/7/1,191911 
category196,2023/6/1,191849 
category313,2023/2/1,191451 
category262,2023/4/1,191121 
category262,2023/6/1,191040 
category15,2023/2/1,190842 
category15,2023/5/1,190230 
category44,2023/3/1,190068 
category195,2023/2/1,189946 
category61,2023/2/1,189900 
category200,2022/7/1,189783 
category77,2022/8/1,189439 
category77,2023/2/1,188778 
category183,2022/8/1,188343 
category242,2023/3/1,188340 
category200,2023/4/1,187439 
category192,2023/2/1,187028 
category262,2023/5/1,186887 
category262,2022/8/1,186694 
category250,2023/6/1,186386 
category186,2023/5/1,186348 
category29,2022/7/1,185887 
category283,2023/3/1,184744 
category283,2023/2/1,184173 
category282,2023/1/1,184159 
category185,2023/1/1,183874 
category15,2023/4/1,183711 
category266,2022/8/1,183088 
category188,2023/5/1,183065 
category128,2023/3/1,182891 
category124,2023/6/1,182624 
category282,2022/7/1,182519 
category128,2023/4/1,182095 
category285,2023/6/1,181772 
category242,2022/8/1,181305 
category286,2023/6/1,180584 
category262,2023/1/1,179897 
category200,2023/3/1,179818 
category203,2023/6/1,179799 
category191,2023/6/1,178510 
category262,2022/9/1,178344 
category58,2022/7/1,176840 
category242,2023/4/1,176758 
category191,2022/7/1,176613 
category223,2023/3/1,176022 
category242,2022/7/1,175910 
category183,2022/7/1,175529 
category195,2023/4/1,175216 
category195,2023/5/1,174830 
category128,2022/7/1,174484 
category188,2023/1/1,174329 
category286,2023/4/1,174230 
category24,2023/6/1,173477 
category266,2023/1/1,173217 
category223,2022/9/1,173045 
category17,2023/6/1,172457 
category104,2022/7/1,172128 
category282,2022/8/1,171845 
category242,2023/5/1,171686 
category262,2023/3/1,171108 
category183,2022/9/1,170529 
category195,2022/8/1,170087 
category190,2022/7/1,169778 
category44,2023/4/1,169019 
category250,2022/7/1,168653 
category282,2023/6/1,168591 
category223,2023/5/1,167725 
category325,2022/7/1,166610 
category77,2023/4/1,165495 
category286,2022/7/1,165435 
category240,2023/4/1,164948 
category240,2023/6/1,164765 
category58,2023/2/1,164451 
category282,2023/2/1,164370 
category223,2023/1/1,163511 
category186,2023/1/1,163045 
category185,2023/5/1,162830 
category191,2023/2/1,162505 
category161,2023/1/1,162054 
category185,2023/3/1,161280 
category250,2023/1/1,160677 
category200,2023/5/1,160603 
category104,2022/9/1,160584 
category129,2023/6/1,160529 
category240,2022/7/1,160418 
category223,2023/2/1,160354 
category200,2022/9/1,160125 
category262,2023/2/1,160079 
category128,2023/6/1,159945 
category200,2022/8/1,159664 
category89,2023/5/1,159302 
category183,2023/5/1,158934 
category286,2023/5/1,158798 
category104,2023/2/1,158789 
category128,2023/5/1,158451 
category286,2022/8/1,158370 
category139,2023/6/1,158324 
category104,2022/8/1,157210 
category185,2022/8/1,157130 
category186,2023/4/1,156782 
category137,2022/8/1,156538 
category188,2023/3/1,156513 
category188,2023/4/1,156009 
category29,2022/8/1,155891 
category250,2023/2/1,155704 
category44,2023/5/1,155663 
category124,2023/5/1,155076 
category240,2023/5/1,154745 
category77,2022/9/1,154353 
category77,2023/3/1,154237 
category303,2023/3/1,153835 
category195,2022/9/1,153263 
category191,2023/1/1,152640 
category286,2023/1/1,152583 
category240,2022/8/1,152331 
category203,2023/1/1,152318 
category325,2023/6/1,151895 
category185,2023/4/1,151839 
category266,2023/4/1,151803 
category47,2023/6/1,151795 
category203,2022/8/1,151166 
category191,2023/5/1,150519 
category286,2023/2/1,150134 
category286,2022/9/1,150093 
category58,2023/1/1,149218 
category44,2022/8/1,148643 
category266,2023/2/1,148553 
category286,2023/3/1,148141 
category47,2023/4/1,147840 
category44,2022/7/1,147808 
category62,2023/6/1,146222 
category313,2022/9/1,146078 
category325,2023/1/1,145123 
category48,2023/5/1,144809 
category282,2022/9/1,144640 
category148,2022/7/1,144414 
category186,2023/3/1,143669 
category89,2023/4/1,143386 
category151,2023/6/1,142904 
category17,2023/1/1,142357 
category129,2023/5/1,142020 
category203,2023/3/1,141942 
category161,2022/8/1,141869 
category191,2023/3/1,141826 
category77,2022/7/1,141596 
category240,2022/9/1,141368 
category191,2023/4/1,141320 
category240,2023/1/1,140398 
category72,2022/7/1,140363 
category223,2023/4/1,140114 
category161,2023/6/1,139717 
category316,2023/6/1,139592 
category285,2023/1/1,139308 
category188,2022/9/1,138858 
category203,2022/9/1,138783 
category198,2022/7/1,138702 
category316,2023/4/1,138573 
category17,2023/5/1,138291 
category240,2023/3/1,137956 
category196,2023/5/1,137922 
category191,2022/8/1,137524 
category29,2023/2/1,137328 
category196,2022/7/1,136862 
category63,2023/3/1,136641 
category89,2022/9/1,135744 
category97,2023/1/1,135562 
category29,2022/9/1,135354 
category183,2023/4/1,135161 
category62,2023/5/1,134679 
category303,2022/8/1,134473 
category17,2023/3/1,133959 
category151,2022/9/1,133537 
category47,2023/1/1,133409 
category129,2023/4/1,133312 
category316,2023/5/1,133239 
category17,2023/4/1,133131 
category47,2023/5/1,133055 
category93,2022/7/1,132772 
category282,2023/5/1,132605 
category198,2023/1/1,132092 
category203,2023/5/1,131725 
category151,2022/7/1,131713 
category47,2023/3/1,131668 
category248,2023/6/1,131476 
category44,2023/1/1,130768 
category63,2022/9/1,130409 
category35,2023/6/1,130378 
category287,2023/6/1,130141 
category17,2023/2/1,130127 
category161,2023/5/1,129973 
category63,2022/8/1,129877 
category240,2023/2/1,129451 
category186,2023/2/1,129379 
category47,2023/2/1,129297 
category282,2023/3/1,129256 
category266,2023/3/1,128340 
category89,2022/8/1,128126 
category247,2022/7/1,127741 
category169,2023/5/1,127734 
category12,2022/7/1,127657 
category191,2022/9/1,127152 
category325,2023/4/1,126520 
category203,2023/2/1,126469 
category161,2023/4/1,126370 
category29,2023/1/1,126317 
category29,2023/6/1,125996 
category316,2023/2/1,125996 
category58,2023/3/1,125860 
category282,2023/4/1,125787 
category325,2022/8/1,125760 
category247,2023/4/1,125714 
category151,2023/3/1,125703 
category12,2022/9/1,125522 
category151,2022/8/1,125365 
category285,2023/3/1,125333 
category316,2023/1/1,124716 
category250,2022/9/1,124691 
category151,2023/1/1,124577 
category47,2022/7/1,124545 
category58,2022/8/1,124032 
category62,2022/7/1,123762 
category165,2023/6/1,123688 
category316,2023/3/1,123661 
category89,2023/3/1,123657 
category253,2023/6/1,123649 
category203,2023/4/1,123625 
category58,2022/9/1,123616 
category188,2023/2/1,122964 
category12,2023/2/1,122945 
category89,2023/1/1,122916 
category97,2023/3/1,122596 
category247,2022/8/1,122586 
category29,2023/5/1,122236 
category316,2022/7/1,121833 
category154,2023/6/1,121397 
category325,2023/5/1,121309 
category325,2023/3/1,121201 
category136,2022/7/1,120504 
category161,2023/3/1,120451 
category285,2023/4/1,120042 
category29,2023/4/1,119968 
category316,2022/8/1,119948 
category185,2022/9/1,119883 
category152,2023/6/1,119770 
category72,2022/8/1,119764 
category190,2023/1/1,119339 
category247,2023/5/1,118589 
category47,2022/8/1,118389 
category62,2023/3/1,118261 
category190,2023/6/1,118111 
category72,2023/6/1,117986 
category247,2023/1/1,117860 
category151,2023/2/1,117729 
category307,2023/6/1,117695 
category250,2022/8/1,116448 
category248,2022/7/1,116395 
category303,2023/6/1,116331 
category17,2022/7/1,116133 
category250,2023/5/1,116081 
category303,2023/4/1,115907 
category247,2023/6/1,115852 
category17,2022/9/1,115388 
category97,2023/2/1,115287 
category316,2022/9/1,115173 
category303,2023/5/1,114949 
category247,2023/2/1,114798 
category190,2022/8/1,114373 
category62,2023/4/1,114267 
category12,2023/6/1,113440 
category247,2022/9/1,113367 
category250,2023/3/1,113202 
category58,2023/4/1,112246 
category72,2023/3/1,111815 
category89,2022/7/1,111647 
category325,2022/9/1,111572 
category29,2023/3/1,111332 
category285,2022/9/1,110799 
category161,2023/2/1,110793 
category285,2022/7/1,110735 
category124,2023/4/1,110668 
category47,2022/9/1,110456 
category56,2023/1/1,110434 
category325,2023/2/1,110316 
category285,2023/2/1,110145 
category247,2023/3/1,110102 
category58,2023/5/1,109597 
category124,2023/1/1,109017 
category93,2023/1/1,108908 
category62,2023/1/1,108843 
category35,2022/7/1,108748 
category161,2022/9/1,108428 
category190,2023/4/1,108283 
category72,2022/9/1,107509 
category151,2023/4/1,107137 
category171,2023/1/1,106269 
category152,2023/5/1,105674 
category250,2023/4/1,105239 
category72,2023/4/1,105156 
category253,2023/5/1,104911 
category160,2022/7/1,104745 
category196,2023/4/1,104614 
category198,2022/9/1,104400 
category17,2022/8/1,104109 
category129,2023/1/1,103809 
category248,2023/2/1,103791 
category253,2023/3/1,103189 
category208,2023/6/1,103070 
category12,2022/8/1,103022 
category24,2023/5/1,102778 
category79,2023/5/1,102635 
category198,2022/8/1,102001 
category151,2023/5/1,101933 
category35,2022/8/1,101755 
category12,2023/3/1,101330 
category273,2023/1/1,101029 
category89,2023/2/1,100702 
category253,2023/4/1,100620 
category97,2022/7/1,100577 
category16,2023/4/1,100318 
category196,2022/8/1,99864 
category160,2023/2/1,99852 
category93,2023/2/1,99211 
category160,2023/1/1,98867 
category103,2023/6/1,98836 
category169,2023/4/1,98776 
category121,2023/6/1,98387 
category35,2023/1/1,98321 
category136,2022/8/1,98233 
category285,2023/5/1,97790 
category190,2023/5/1,97607 
category16,2023/1/1,97513 
category97,2023/5/1,97486 
category135,2023/4/1,97125 
category129,2023/3/1,96786 
category135,2023/6/1,96619 
category16,2022/7/1,96511 
category16,2023/6/1,96316 
category248,2023/5/1,95454 
category93,2022/8/1,95276 
category169,2023/3/1,95143 
category248,2022/8/1,95012 
category44,2022/9/1,94166 
category136,2022/9/1,93988 
category248,2022/9/1,93614 
category122,2023/6/1,93559 
category190,2023/3/1,93486 
category12,2023/4/1,93481 
category287,2023/5/1,93132 
category190,2023/2/1,92567 
category135,2023/5/1,92442 
category232,2023/4/1,92401 
category152,2023/4/1,92394 
category16,2023/5/1,92125 
category135,2023/1/1,92026 
category51,2022/7/1,91834 
category205,2022/8/1,91575 
category275,2023/6/1,91494 
category154,2023/1/1,91426 
category267,2022/7/1,91412 
category232,2023/6/1,91354 
category24,2023/4/1,91122 
category16,2022/8/1,91087 
category196,2023/3/1,91061 
category62,2023/2/1,90994 
category16,2023/2/1,90909 
category135,2023/3/1,90813 
category198,2023/2/1,90790 
category285,2022/8/1,90685 
category93,2023/6/1,90567 
category169,2023/2/1,90516 
category154,2023/5/1,90357 
category97,2023/4/1,90206 
category154,2022/9/1,90082 
category135,2022/8/1,89804 
category192,2023/6/1,89782 
category93,2023/3/1,89405 
category51,2023/2/1,89265 
category154,2022/7/1,89142 
category72,2023/5/1,89138 
category287,2022/7/1,89077 
category72,2023/1/1,88864 
category196,2023/1/1,88807 
category267,2022/8/1,88795 
category135,2023/2/1,88765 
category236,2023/1/1,88647 
category107,2023/4/1,87938 
category275,2023/3/1,87733 
category16,2022/9/1,87679 
category16,2023/3/1,87479 
category121,2022/7/1,87321 
category253,2022/7/1,87303 
category267,2022/9/1,87081 
category135,2022/7/1,86894 
category253,2023/1/1,86133 
category273,2023/2/1,85711 
category248,2023/1/1,85152 
category62,2022/8/1,84561 
category107,2023/6/1,84554 
category273,2023/6/1,84527 
category135,2022/9/1,84333 
category35,2022/9/1,84009 
category226,2023/3/1,83949 
category253,2023/2/1,83921 
category51,2023/1/1,83902 
category93,2023/4/1,83732 
category253,2022/9/1,83729 
category287,2022/8/1,83704 
category266,2022/9/1,83669 
category188,2022/8/1,83565 
category169,2023/1/1,83492 
category253,2022/8/1,83440 
category35,2023/3/1,83426 
category154,2023/3/1,83395 
category154,2023/2/1,83337 
category35,2023/2/1,82994 
category103,2023/1/1,82848 
category275,2023/1/1,82794 
category129,2023/2/1,82729 
category232,2023/1/1,82450 
category229,2023/6/1,82186 
category275,2023/4/1,82027 
category190,2022/9/1,82010 
category196,2023/2/1,81906 
category143,2022/7/1,81881 
category267,2023/1/1,81740 
category97,2022/8/1,81525 
category72,2023/2/1,81455 
category232,2023/5/1,81339 
category232,2023/3/1,80966 
category80,2023/6/1,80878 
category307,2022/7/1,80453 
category93,2022/9/1,80304 
category267,2023/2/1,80252 
category154,2023/4/1,80007 
category73,2022/7/1,79745 
category24,2023/1/1,79698 
category293,2022/7/1,79631 
category24,2023/3/1,79433 
category80,2023/4/1,79221 
category267,2023/3/1,79086 
category192,2023/3/1,78899 
category236,2023/2/1,78828 
category160,2022/8/1,78544 
category93,2023/5/1,78269 
category248,2023/3/1,78255 
category241,2023/1/1,78239 
category121,2022/9/1,78193 
category103,2023/5/1,78111 
category196,2022/9/1,78094 
category146,2023/6/1,78093 
category12,2023/5/1,78068 
category281,2023/6/1,78040 
category97,2022/9/1,78034 
category236,2022/9/1,77743 
category226,2023/1/1,77611 
category248,2023/4/1,77589 
category267,2023/4/1,77376 
category208,2023/5/1,77221 
category287,2022/9/1,77213 
category160,2023/3/1,77097 
category171,2022/9/1,77045 
category152,2023/1/1,77007 
category236,2022/7/1,76953 
category198,2023/6/1,76661 
category80,2023/1/1,76532 
category107,2023/3/1,76425 
category232,2023/2/1,76368 
category232,2022/8/1,76360 
category293,2022/8/1,76343 
category80,2022/7/1,76309 
category194,2023/6/1,76216 
category297,2022/7/1,76193 
category226,2022/7/1,76128 
category107,2023/5/1,76070 
category165,2023/5/1,76046 
category33,2023/4/1,75985 
category56,2023/2/1,75816 
category287,2023/4/1,75457 
category73,2023/4/1,75425 
category103,2022/7/1,75423 
category165,2023/4/1,75215 
category107,2022/7/1,75169 
category107,2023/2/1,75051 
category56,2023/3/1,74805 
category152,2023/3/1,74638 
category73,2023/6/1,74595 
category236,2022/8/1,74316 
category103,2022/9/1,74250 
category80,2022/8/1,74162 
category297,2022/8/1,74091 
category146,2023/5/1,74032 
category173,2023/6/1,73984 
category103,2022/8/1,73649 
category273,2023/3/1,73575 
category143,2023/1/1,73511 
category56,2022/7/1,73506 
category236,2023/6/1,73465 
category232,2022/7/1,73441 
category124,2022/8/1,73347 
category121,2023/1/1,73107 
category80,2023/3/1,72757 
category171,2023/3/1,72603 
category124,2022/9/1,72500 
category273,2022/7/1,72476 
category24,2022/9/1,72347 
category33,2023/6/1,72271 
category56,2023/6/1,72023 
category184,2022/7/1,71708 
category73,2022/8/1,71652 
category73,2023/5/1,71273 
category80,2023/5/1,71250 
category192,2023/5/1,71224 
category192,2022/9/1,71164 
category236,2023/3/1,70829 
category146,2022/7/1,70816 
category226,2023/2/1,70649 
category71,2023/1/1,70576 
category62,2022/9/1,70566 
category121,2023/4/1,70491 
category154,2022/8/1,70248 
category56,2023/4/1,70223 
category297,2023/1/1,70138 
category107,2022/8/1,70085 
category8,2023/6/1,69979 
category124,2022/7/1,69890 
category46,2022/7/1,69853 
category107,2023/1/1,69639 
category232,2022/9/1,69558 
category273,2023/5/1,69526 
category51,2023/3/1,69498 
category121,2023/3/1,69455 
category307,2023/2/1,69423 
category51,2022/8/1,69388 
category184,2023/6/1,69376 
category160,2022/9/1,69363 
category165,2023/1/1,69362 
category146,2023/1/1,69327 
category307,2023/1/1,69204 
category121,2023/5/1,69047 
category73,2022/9/1,69031 
category38,2023/6/1,68186 
category38,2023/5/1,68159 
category80,2023/2/1,67900 
category56,2022/8/1,67850 
category143,2023/2/1,67813 
category183,2023/3/1,67801 
category160,2023/4/1,67744 
category24,2023/2/1,67693 
category121,2022/8/1,67684 
category71,2023/2/1,67486 
category273,2022/9/1,67482 
category38,2023/4/1,67477 
category139,2023/2/1,67406 
category124,2023/3/1,67332 
category297,2023/6/1,67172 
category275,2023/2/1,66963 
category103,2023/3/1,66941 
category165,2022/7/1,66871 
category236,2023/4/1,66572 
category33,2023/5/1,66420 
category80,2022/9/1,66330 
category165,2022/9/1,66243 
category297,2022/9/1,66134 
category307,2023/5/1,66105 
category307,2023/3/1,66017 
category293,2023/3/1,65899 
category307,2022/8/1,65888 
category107,2022/9/1,65821 
category226,2022/8/1,65736 
category45,2023/1/1,65606 
category293,2023/4/1,65357 
category46,2022/8/1,65318 
category273,2022/8/1,65172 
category73,2023/2/1,65033 
category307,2023/4/1,64993 
category165,2023/3/1,64985 
category303,2022/9/1,64923 
category321,2023/1/1,64799 
category293,2023/6/1,64674 
category138,2023/4/1,64385 
category26,2023/6/1,64346 
category56,2023/5/1,64308 
category273,2023/4/1,64222 
category281,2023/3/1,63969 
category73,2023/1/1,63935 
category198,2023/3/1,63886 
category173,2022/7/1,63627 
category236,2023/5/1,63396 
category293,2023/5/1,63336 
category33,2023/3/1,63333 
category165,2022/8/1,63324 
category45,2023/4/1,63232 
category73,2023/3/1,63129 
category103,2023/4/1,63041 
category124,2023/2/1,62838 
category136,2023/1/1,62791 
category45,2022/7/1,62427 
category208,2023/1/1,62390 
category45,2022/8/1,62383 
category184,2023/1/1,62291 
category143,2022/8/1,62180 
category165,2023/2/1,62039 
category267,2023/5/1,61880 
category122,2023/1/1,61581 
category184,2023/4/1,61553 
category184,2023/3/1,61536 
category45,2023/6/1,61470 
category321,2023/2/1,61329 
category46,2022/9/1,61245 
category121,2023/2/1,61220 
category226,2022/9/1,61026 
category46,2023/6/1,60974 
category139,2023/3/1,60765 
category103,2023/2/1,60542 
category241,2023/2/1,60371 
category146,2023/4/1,60279 
category233,2023/2/1,60276 
category173,2023/1/1,60214 
category35,2023/4/1,60194 
category171,2023/2/1,60146 
category56,2022/9/1,59876 
category281,2023/5/1,59867 
category146,2023/2/1,59841 
category122,2022/7/1,59803 
category287,2023/3/1,59786 
category293,2022/9/1,59758 
category51,2023/4/1,59745 
category136,2023/2/1,59719 
category46,2023/4/1,59684 
category45,2022/9/1,59677 
category192,2023/4/1,59625 
category281,2022/9/1,59615 
category136,2023/6/1,59578 
category152,2023/2/1,59435 
category45,2023/2/1,59229 
category233,2023/1/1,59219 
category136,2023/4/1,58959 
category160,2023/6/1,58785 
category241,2023/6/1,58737 
category46,2023/1/1,58723 
category28,2022/8/1,58658 
category297,2023/2/1,58646 
category275,2023/5/1,58500 
category138,2023/1/1,58290 
category33,2023/1/1,58267 
category138,2022/7/1,58186 
category160,2023/5/1,58036 
category143,2023/4/1,57986 
category136,2023/3/1,57846 
category281,2023/1/1,57756 
category138,2023/6/1,57631 
category171,2023/6/1,57597 
category46,2023/5/1,57554 
category138,2023/5/1,57449 
category322,2023/4/1,57361 
category136,2023/5/1,57144 
category297,2023/5/1,57076 
category33,2023/2/1,57032 
category192,2022/8/1,56937 
category293,2023/2/1,56904 
category208,2022/7/1,56869 
category205,2022/7/1,56729 
category321,2023/6/1,56722 
category45,2023/3/1,56507 
category322,2023/1/1,56404 
category281,2023/4/1,56378 
category45,2023/5/1,56161 
category198,2023/4/1,56049 
category293,2023/1/1,55898 
category146,2023/3/1,55835 
category138,2022/8/1,55833 
category46,2023/3/1,55671 
category46,2023/2/1,55661 
category297,2023/4/1,55465 
category321,2022/7/1,55351 
category184,2022/8/1,55320 
category184,2023/5/1,55222 
category143,2023/6/1,54864 
category322,2023/2/1,54851 
category143,2023/3/1,54625 
category138,2023/2/1,54218 
category173,2023/3/1,54193 
category38,2023/3/1,54172 
category173,2023/2/1,54091 
category297,2023/3/1,54054 
category85,2023/6/1,54018 
category307,2022/9/1,54014 
category322,2023/6/1,53939 
category122,2023/5/1,53901 
category26,2023/5/1,53832 
category241,2022/7/1,53717 
category138,2023/3/1,53681 
category184,2022/9/1,53549 
category321,2022/9/1,53505 
category241,2023/3/1,53479 
category171,2023/5/1,53455 
category331,2023/6/1,53239 
category143,2022/9/1,53145 
category208,2022/8/1,53135 
category281,2022/7/1,53088 
category322,2023/5/1,52975 
category169,2022/7/1,52934 
category85,2023/4/1,52745 
category35,2023/5/1,52471 
category51,2023/6/1,52321 
category33,2022/8/1,52197 
category26,2023/1/1,52143 
category321,2022/8/1,51767 
category173,2023/4/1,51582 
category275,2022/7/1,51498 
category322,2023/3/1,51410 
category138,2022/9/1,51387 
category173,2023/5/1,51378 
category169,2022/8/1,51345 
category71,2023/6/1,51016 
category241,2023/4/1,50768 
category321,2023/3/1,50754 
category33,2022/7/1,50746 
category146,2022/8/1,50717 
category208,2023/2/1,50405 
category143,2023/5/1,50374 
category322,2022/7/1,50253 
category322,2022/8/1,50244 
category85,2023/5/1,50106 
category122,2023/2/1,49804 
category233,2023/6/1,49797 
category79,2023/1/1,49584 
category28,2023/6/1,49449 
category208,2022/9/1,49346 
category281,2023/2/1,49325 
category139,2023/1/1,49248 
category8,2023/5/1,49028 
category53,2023/6/1,48933 
category322,2022/9/1,48794 
category287,2023/1/1,48738 
category208,2023/4/1,48201 
category173,2022/8/1,47854 
category152,2022/7/1,47774 
category85,2023/3/1,47696 
category198,2023/5/1,47663 
category49,2023/6/1,47642 
category26,2023/4/1,47253 
category28,2023/5/1,47252 
category51,2023/5/1,47026 
category33,2022/9/1,47020 
category85,2023/2/1,46895 
category324,2023/4/1,46873 
category8,2022/7/1,46837 
category85,2023/1/1,46817 
category8,2023/1/1,46728 
category241,2023/5/1,46686 
category324,2023/6/1,46572 
category122,2022/9/1,46530 
category28,2022/7/1,46408 
category71,2023/3/1,46390 
category275,2022/8/1,46068 
category122,2022/8/1,45850 
category321,2023/5/1,45707 
category51,2022/9/1,45600 
category26,2023/3/1,45563 
category8,2023/3/1,45420 
category324,2022/7/1,44799 
category324,2023/1/1,44751 
category122,2023/4/1,44718 
category171,2022/7/1,44689 
category152,2022/9/1,44576 
category281,2022/8/1,44442 
category88,2022/9/1,44328 
category296,2023/1/1,44237 
category296,2023/4/1,44148 
category49,2023/5/1,44133 
category321,2023/4/1,44087 
category233,2023/3/1,44011 
category85,2022/7/1,43797 
category208,2023/3/1,43757 
category8,2023/2/1,43692 
category8,2023/4/1,43691 
category171,2023/4/1,43683 
category171,2022/8/1,43655 
category26,2023/2/1,43430 
category324,2023/3/1,43400 
category152,2022/8/1,43325 
category324,2022/8/1,43270 
category139,2023/4/1,43155 
category173,2022/9/1,43104 
category241,2022/8/1,43076 
category239,2022/7/1,42907 
category85,2022/8/1,42872 
category184,2023/2/1,42861 
category28,2022/9/1,42848 
category183,2023/1/1,42798 
category303,2022/7/1,42770 
category85,2022/9/1,42684 
category296,2023/6/1,42678 
category118,2023/6/1,42465 
category324,2023/5/1,42450 
category118,2023/4/1,42200 
category324,2023/2/1,42138 
category43,2022/7/1,41906 
category8,2022/9/1,41850 
category139,2023/5/1,41658 
category296,2022/7/1,41492 
category275,2022/9/1,41304 
category13,2023/1/1,41053 
category28,2023/4/1,40959 
category122,2023/3/1,40741 
category256,2023/5/1,40288 
category118,2023/1/1,40004 
category182,2022/8/1,39984 
category49,2022/7/1,39962 
category8,2022/8/1,39916 
category296,2023/5/1,39897 
category258,2023/6/1,39874 
category233,2022/9/1,39760 
category296,2023/3/1,39729 
category13,2023/2/1,39624 
category296,2023/2/1,39587 
category13,2023/4/1,39582 
category169,2022/9/1,39466 
category114,2023/4/1,39419 
category38,2023/2/1,39393 
category324,2022/9/1,39368 
category256,2023/6/1,39102 
category233,2022/7/1,39018 
category28,2023/1/1,39010 
category239,2023/6/1,38465 
category194,2022/7/1,38363 
category215,2023/6/1,38129 
category71,2023/4/1,38062 
category28,2023/2/1,38060 
category233,2023/4/1,38012 
category296,2022/8/1,37985 
category13,2023/3/1,37887 
category114,2023/5/1,37543 
category24,2022/8/1,37513 
category255,2023/5/1,37469 
category13,2023/6/1,37452 
category183,2023/2/1,37403 
category13,2023/5/1,37256 
category71,2022/9/1,37163 
category59,2023/6/1,36813 
category255,2023/6/1,36665 
category233,2023/5/1,36476 
category118,2023/5/1,36407 
category318,2022/7/1,36382 
category296,2022/9/1,36359 
category118,2023/3/1,35946 
category13,2022/8/1,35913 
category49,2023/4/1,35807 
category28,2023/3/1,35670 
category63,2023/4/1,35593 
category256,2022/7/1,35505 
category258,2023/5/1,35378 
category13,2022/9/1,35288 
category287,2023/2/1,35055 
category79,2022/7/1,34987 
category27,2022/7/1,34941 
category114,2023/6/1,34523 
category49,2023/1/1,34449 
category27,2022/8/1,34423 
category194,2023/5/1,34394 
category13,2022/7/1,34322 
category252,2022/7/1,34165 
category49,2023/3/1,34137 
category38,2023/1/1,33987 
category146,2022/9/1,33850 
category88,2023/6/1,33848 
category241,2022/9/1,33690 
category331,2023/5/1,33635 
category49,2023/2/1,33576 
category194,2022/8/1,33464 
category239,2023/1/1,33308 
category71,2023/5/1,33293 
category38,2022/7/1,33119 
category229,2023/4/1,33101 
category70,2023/6/1,32964 
category26,2022/7/1,32880 
category27,2022/9/1,32780 
category43,2023/1/1,32778 
category318,2022/8/1,32673 
category256,2022/8/1,32170 
category88,2023/1/1,32050 
category27,2023/1/1,31956 
category258,2022/7/1,31752 
category94,2023/6/1,31735 
category205,2022/9/1,31673 
category295,2023/1/1,31659 
category70,2023/3/1,31657 
category163,2023/5/1,31322 
category233,2022/8/1,31253 
category27,2023/6/1,31229 
category105,2022/7/1,31180 
category258,2022/8/1,31144 
category26,2022/9/1,31052 
category88,2023/2/1,31000 
category114,2023/1/1,30993 
category256,2023/4/1,30802 
category27,2023/4/1,30786 
category140,2022/7/1,30743 
category49,2022/8/1,30627 
category239,2023/2/1,30479 
category295,2022/7/1,30371 
category43,2022/8/1,30324 
category38,2022/8/1,30311 
category88,2023/4/1,30177 
category295,2023/2/1,30122 
category140,2022/8/1,30062 
category295,2023/4/1,29959 
category26,2022/8/1,29835 
category258,2023/4/1,29723 
category88,2023/3/1,29615 
category105,2022/8/1,29613 
category239,2022/8/1,29596 
category38,2022/9/1,29483 
category215,2023/5/1,29379 
category228,2023/6/1,29342 
category88,2022/8/1,29230 
category118,2022/7/1,29097 
category239,2023/3/1,29028 
category295,2022/8/1,29009 
category27,2023/2/1,28955 
category229,2023/3/1,28763 
category258,2022/9/1,28724 
category27,2023/5/1,28666 
category63,2023/6/1,28624 
category43,2023/6/1,28473 
category114,2022/7/1,28431 
category70,2023/2/1,28415 
category94,2023/1/1,28268 
category79,2023/2/1,28217 
category295,2022/9/1,28124 
category71,2022/8/1,28090 
category295,2023/5/1,28067 
category63,2023/5/1,28044 
category118,2023/2/1,27962 
category94,2023/2/1,27952 
category295,2023/6/1,27947 
category238,2023/6/1,27917 
category140,2023/4/1,27898 
category27,2023/3/1,27796 
category256,2022/9/1,27765 
category94,2023/3/1,27496 
category70,2023/4/1,27488 
category114,2022/8/1,27441 
category88,2023/5/1,27423 
category163,2022/7/1,27349 
category163,2023/4/1,27349 
category163,2023/2/1,27281 
category163,2022/8/1,27258 
category331,2023/4/1,27201 
category215,2023/1/1,27181 
category140,2023/6/1,27074 
category105,2023/4/1,27049 
category258,2023/3/1,26997 
category258,2023/1/1,26948 
category163,2023/6/1,26946 
category163,2022/9/1,26929 
category215,2022/8/1,26837 
category114,2022/9/1,26500 
category114,2023/2/1,26436 
category267,2023/6/1,26361 
category215,2022/7/1,26232 
category140,2022/9/1,26174 
category116,2023/2/1,26104 
category43,2023/3/1,26025 
category43,2022/9/1,25861 
category229,2023/5/1,25861 
category105,2022/9/1,25826 
category163,2023/1/1,25792 
category114,2023/3/1,25742 
category105,2023/5/1,25717 
category70,2023/1/1,25709 
category202,2023/6/1,25646 
category215,2023/4/1,25582 
category79,2023/4/1,25374 
category227,2023/1/1,25330 
category140,2023/3/1,25203 
category295,2023/3/1,25113 
category300,2023/6/1,25062 
category94,2023/5/1,24999 
category140,2023/5/1,24942 
category43,2023/2/1,24857 
category105,2023/3/1,24815 
category256,2023/1/1,24814 
category79,2023/3/1,24738 
category331,2023/3/1,24553 
category205,2023/3/1,24467 
category156,2023/6/1,24413 
category105,2023/1/1,24344 
category300,2022/7/1,24339 
category239,2023/5/1,24181 
category105,2023/2/1,24094 
category163,2023/3/1,24087 
category331,2023/1/1,24058 
category228,2023/3/1,24022 
category300,2023/1/1,23839 
category239,2022/9/1,23770 
category205,2023/1/1,23754 
category252,2022/8/1,23714 
category256,2023/2/1,23712 
category43,2023/4/1,23536 
category194,2022/9/1,23455 
category205,2023/2/1,23452 
category215,2023/3/1,23443 
category94,2023/4/1,23330 
category256,2023/3/1,23127 
category49,2022/9/1,23121 
category228,2023/4/1,23066 
category229,2023/2/1,23032 
category318,2022/9/1,22987 
category70,2023/5/1,22882 
category116,2023/1/1,22874 
category215,2022/9/1,22787 
category43,2023/5/1,22737 
category300,2023/3/1,22598 
category229,2023/1/1,22528 
category140,2023/1/1,22456 
category268,2023/3/1,22393 
category300,2023/5/1,22360 
category284,2023/1/1,22353 
category252,2023/6/1,22257 
category78,2022/7/1,21998 
category228,2023/1/1,21831 
category88,2022/7/1,21742 
category215,2023/2/1,21597 
category118,2022/8/1,21548 
category205,2023/4/1,21323 
category239,2023/4/1,21264 
category70,2022/8/1,21106 
category118,2022/9/1,20892 
category257,2023/6/1,20884 
category70,2022/7/1,20737 
category156,2023/1/1,20683 
category257,2023/5/1,20626 
category271,2023/6/1,20609 
category5,2023/6/1,20534 
category238,2023/1/1,20443 
category268,2022/8/1,20217 
category228,2023/5/1,20073 
category300,2023/4/1,19999 
category268,2022/9/1,19966 
category156,2022/7/1,19966 
category156,2023/5/1,19758 
category238,2022/7/1,19683 
category318,2023/1/1,19646 
category94,2022/7/1,19618 
category268,2023/4/1,19571 
category228,2022/7/1,19534 
category116,2023/3/1,19532 
category156,2023/4/1,19532 
category140,2023/2/1,19509 
category59,2023/4/1,19498 
category268,2022/7/1,19486 
category123,2023/6/1,19439 
category205,2023/6/1,19361 
category258,2023/2/1,19328 
category318,2023/2/1,19291 
category318,2023/4/1,19158 
category156,2023/3/1,19152 
category268,2023/5/1,19104 
category137,2022/7/1,19069 
category318,2023/3/1,19069 
category257,2023/4/1,19020 
category157,2022/7/1,19000 
category94,2022/8/1,18966 
category318,2023/5/1,18951 
category94,2022/9/1,18886 
category261,2023/6/1,18833 
category127,2023/4/1,18573 
category311,2022/8/1,18514 
category157,2022/8/1,18507 
category300,2022/8/1,18482 
category194,2023/3/1,18244 
category53,2023/2/1,18208 
category70,2022/9/1,18148 
category284,2023/2/1,18110 
category284,2023/6/1,18082 
category172,2023/1/1,18076 
category205,2023/5/1,18034 
category227,2023/6/1,17984 
category268,2023/6/1,17949 
category78,2023/6/1,17926 
category257,2023/3/1,17923 
category261,2022/8/1,17901 
category261,2023/3/1,17832 
category227,2023/5/1,17816 
category238,2023/3/1,17690 
category63,2022/7/1,17572 
category261,2022/9/1,17552 
category261,2023/5/1,17483 
category257,2022/8/1,17403 
category178,2023/6/1,17379 
category194,2023/4/1,17339 
category108,2023/6/1,17154 
category108,2022/8/1,17122 
category108,2023/3/1,16923 
category271,2023/1/1,16922 
category123,2023/1/1,16908 
category127,2023/6/1,16873 
category157,2023/6/1,16863 
category108,2022/7/1,16809 
category194,2023/1/1,16761 
category214,2023/1/1,16728 
category108,2023/5/1,16725 
category176,2023/6/1,16708 
category74,2023/6/1,16644 
category292,2022/7/1,16617 
category331,2023/2/1,16617 
category238,2023/2/1,16545 
category108,2023/4/1,16498 
category261,2023/4/1,16440 
category268,2023/1/1,16405 
category189,2023/6/1,16360 
category53,2023/4/1,16355 
category123,2023/5/1,16321 
category264,2023/6/1,16293 
category300,2023/2/1,16289 
category261,2023/1/1,16274 
category178,2023/4/1,16257 
category227,2022/8/1,16173 
category127,2023/5/1,16023 
category116,2022/7/1,15985 
category227,2023/2/1,15965 
category127,2022/7/1,15859 
category257,2023/1/1,15829 
category182,2023/1/1,15782 
category116,2023/6/1,15649 
category271,2023/5/1,15606 
category74,2023/5/1,15584 
category108,2022/9/1,15557 
category252,2022/9/1,15553 
category227,2023/3/1,15542 
category59,2023/3/1,15535 
category257,2022/9/1,15497 
category261,2022/7/1,15440 
category214,2022/7/1,15322 
category257,2022/7/1,15321 
category214,2023/4/1,15306 
category53,2023/3/1,15280 
category116,2023/4/1,15203 
category100,2023/1/1,15193 
category261,2023/2/1,15153 
category227,2023/4/1,15054 
category227,2022/7/1,15050 
category271,2022/7/1,15021 
category268,2023/2/1,15017 
category189,2023/1/1,14992 
category228,2022/9/1,14966 
category214,2022/8/1,14961 
category59,2023/5/1,14941 
category178,2023/5/1,14912 
category157,2022/9/1,14888 
category214,2023/2/1,14868 
category78,2022/8/1,14863 
category91,2022/7/1,14834 
category156,2022/8/1,14766 
category91,2022/8/1,14671 
category238,2022/8/1,14634 
category108,2023/1/1,14634 
category127,2023/1/1,14603 
category53,2023/5/1,14564 
category174,2022/7/1,14553 
category214,2022/9/1,14491 
category300,2022/9/1,14484 
category228,2023/2/1,14446 
category127,2023/3/1,14432 
category214,2023/6/1,14405 
category214,2023/3/1,14339 
category238,2022/9/1,14333 
category127,2022/8/1,14331 
category91,2022/9/1,14304 
category271,2022/8/1,14279 
category116,2023/5/1,14171 
category228,2022/8/1,14152 
category157,2023/1/1,14080 
category318,2023/6/1,14071 
category53,2023/1/1,14043 
category252,2023/5/1,14041 
category271,2023/4/1,14023 
category214,2023/5/1,13924 
category238,2023/4/1,13915 
category123,2023/4/1,13909 
category176,2022/9/1,13905 
category194,2023/2/1,13899 
category18,2023/4/1,13810 
category127,2023/2/1,13786 
category172,2023/6/1,13778 
category123,2023/2/1,13662 
category311,2023/3/1,13635 
category156,2022/9/1,13632 
category75,2023/5/1,13546 
category25,2023/1/1,13510 
category204,2023/6/1,13490 
category257,2023/2/1,13487 
category145,2023/6/1,13484 
category176,2023/1/1,13480 
category234,2023/1/1,13372 
category123,2023/3/1,13270 
category189,2023/2/1,13244 
category176,2023/4/1,13243 
category64,2022/8/1,13236 
category238,2023/5/1,13226 
category25,2022/7/1,13203 
category311,2023/5/1,13202 
category176,2022/8/1,13152 
category25,2023/6/1,13088 
category25,2022/9/1,13064 
category157,2023/5/1,13060 
category284,2022/7/1,13004 
category25,2022/8/1,12989 
category25,2023/4/1,12985 
category91,2023/1/1,12941 
category204,2023/5/1,12883 
category211,2022/7/1,12883 
category271,2022/9/1,12875 
category100,2023/6/1,12817 
category227,2022/9/1,12812 
category91,2023/2/1,12806 
category323,2023/1/1,12636 
category100,2022/7/1,12634 
category271,2023/3/1,12627 
category59,2023/1/1,12544 
category123,2022/9/1,12440 
category90,2022/8/1,12431 
category25,2023/5/1,12360 
category91,2023/3/1,12346 
category204,2023/2/1,12326 
category284,2023/3/1,12291 
category284,2023/4/1,12282 
category176,2023/5/1,12198 
category91,2023/4/1,12193 
category90,2022/7/1,12181 
category251,2022/7/1,12106 
category25,2023/2/1,12094 
category176,2023/3/1,12090 
category178,2022/8/1,12086 
category246,2023/6/1,12076 
category176,2022/7/1,12051 
category90,2023/1/1,12013 
category64,2022/9/1,11941 
category78,2022/9/1,11941 
category25,2023/3/1,11921 
category90,2023/2/1,11913 
category189,2023/4/1,11889 
category59,2023/2/1,11875 
category174,2022/8/1,11871 
category123,2022/8/1,11864 
category305,2023/1/1,11856 
category34,2022/7/1,11827 
category157,2023/2/1,11821 
category229,2022/9/1,11805 
category90,2023/4/1,11701 
category90,2022/9/1,11671 
category311,2023/2/1,11615 
category110,2022/8/1,11590 
category18,2023/6/1,11575 
category110,2022/9/1,11550 
category64,2023/4/1,11527 
category100,2023/4/1,11467 
category18,2023/5/1,11451 
category284,2023/5/1,11442 
category52,2023/4/1,11398 
category123,2022/7/1,11388 
category255,2023/4/1,11369 
category100,2022/8/1,11365 
category178,2022/9/1,11364 
category172,2023/3/1,11349 
category100,2022/9/1,11342 
category22,2022/7/1,11318 
category178,2023/3/1,11310 
category34,2023/6/1,11277 
category311,2022/9/1,11191 
category176,2023/2/1,11143 
category90,2023/3/1,11136 
category189,2023/5/1,11130 
category309,2023/6/1,11097 
category18,2023/1/1,11092 
category264,2023/5/1,11080 
category100,2023/3/1,11073 
category78,2023/1/1,11036 
category19,2022/7/1,10984 
category229,2022/8/1,10959 
category64,2023/1/1,10880 
category271,2023/2/1,10860 
category284,2022/9/1,10854 
category78,2023/5/1,10848 
category64,2023/3/1,10840 
category22,2023/6/1,10837 
category272,2022/8/1,10831 
category272,2022/9/1,10814 
category305,2023/3/1,10747 
category66,2022/9/1,10738 
category127,2022/9/1,10734 
category132,2023/1/1,10730 
category22,2022/8/1,10715 
category204,2023/3/1,10675 
category90,2023/5/1,10664 
category272,2022/7/1,10648 
category272,2023/3/1,10632 
category272,2023/1/1,10604 
category272,2023/2/1,10604 
category34,2023/5/1,10535 
category158,2023/1/1,10532 
category90,2023/6/1,10414 
category22,2023/1/1,10401 
category178,2022/7/1,10379 
category64,2022/7/1,10308 
category64,2023/6/1,10303 
category91,2023/5/1,10240 
category129,2022/9/1,10224 
category234,2023/6/1,10192 
category211,2022/8/1,10182 
category22,2023/2/1,10175 
category78,2023/4/1,10134 
category74,2022/7/1,10122 
category22,2023/4/1,10092 
category22,2022/9/1,10033 
category105,2023/6/1,10027 
category100,2023/5/1,9951 
category178,2023/1/1,9951 
category144,2023/1/1,9928 
category64,2023/5/1,9856 
category76,2022/8/1,9813 
category305,2023/4/1,9804 
category52,2023/6/1,9761 
category34,2022/8/1,9744 
category52,2023/5/1,9713 
category182,2022/7/1,9706 
category311,2023/1/1,9696 
category11,2023/1/1,9688 
category53,2022/7/1,9668 
category75,2023/6/1,9667 
category156,2023/2/1,9664 
category52,2023/3/1,9634 
category305,2023/2/1,9633 
category157,2023/3/1,9611 
category108,2023/2/1,9569 
category172,2023/2/1,9565 
category11,2023/2/1,9535 
category76,2023/1/1,9519 
category172,2023/5/1,9500 
category255,2023/3/1,9441 
category222,2023/6/1,9421 
category52,2023/1/1,9402 
category22,2023/5/1,9400 
category272,2023/6/1,9399 
category305,2022/9/1,9346 
category74,2023/4/1,9317 
category157,2023/4/1,9309 
category158,2023/3/1,9295 
category22,2023/3/1,9293 
category174,2022/9/1,9250 
category204,2023/4/1,9244 
category76,2022/9/1,9201 
category305,2023/5/1,9199 
category251,2022/8/1,9183 
category14,2023/5/1,9154 
category277,2023/6/1,9149 
category18,2022/7/1,9136 
category78,2023/3/1,9086 
category78,2023/2/1,9081 
category272,2023/4/1,8999 
category272,2023/5/1,8996 
category14,2023/1/1,8986 
category180,2022/7/1,8924 
category201,2023/3/1,8897 
category201,2023/1/1,8843 
category284,2022/8/1,8793 
category234,2023/2/1,8767 
category211,2022/9/1,8759 
category116,2022/9/1,8746 
category76,2023/6/1,8727 
category211,2023/1/1,8726 
category110,2022/7/1,8666 
category119,2023/1/1,8648 
category211,2023/2/1,8648 
category11,2023/3/1,8595 
category202,2023/3/1,8565 
category231,2023/1/1,8516 
category311,2022/7/1,8478 
category14,2023/6/1,8477 
category3,2023/6/1,8477 
category264,2023/4/1,8451 
category246,2023/1/1,8438 
category246,2023/5/1,8436 
category172,2023/4/1,8398 
category246,2023/3/1,8393 
category202,2023/2/1,8364 
category158,2023/2/1,8356 
category277,2023/4/1,8354 
category311,2023/4/1,8349 
category211,2023/4/1,8331 
category74,2023/1/1,8324 
category100,2023/2/1,8277 
category116,2022/8/1,8246 
category211,2023/3/1,8239 
category110,2023/5/1,8228 
category158,2022/7/1,8225 
category201,2023/6/1,8211 
category217,2023/6/1,8205 
category158,2023/5/1,8189 
category18,2022/8/1,8180 
category202,2023/4/1,8176 
category246,2022/9/1,8151 
category75,2023/4/1,8143 
category218,2023/6/1,8139 
category75,2022/8/1,8137 
category264,2022/9/1,8124 
category174,2023/1/1,8123 
category218,2023/2/1,8090 
category158,2023/4/1,8084 
category4,2023/6/1,8053 
category52,2023/2/1,8051 
category64,2023/2/1,8036 
category265,2023/6/1,8029 
category18,2023/2/1,7996 
category201,2022/7/1,7994 
category264,2023/1/1,7990 
category110,2023/6/1,7975 
category211,2023/5/1,7962 
category252,2023/4/1,7936 
category158,2023/6/1,7933 
category201,2023/2/1,7900 
category246,2023/4/1,7898 
category218,2023/5/1,7874 
category182,2023/2/1,7851 
category18,2023/3/1,7798 
category74,2022/8/1,7771 
category14,2023/2/1,7761 
category218,2022/7/1,7760 
category76,2023/2/1,7688 
category147,2023/1/1,7653 
category211,2023/6/1,7627 
category11,2023/6/1,7600 
category3,2023/5/1,7583 
category172,2022/7/1,7550 
category320,2023/5/1,7541 
category52,2022/9/1,7528 
category145,2023/5/1,7526 
category218,2023/1/1,7510 
category305,2023/6/1,7463 
category292,2022/8/1,7442 
category302,2023/5/1,7426 
category75,2022/7/1,7400 
category4,2023/4/1,7381 
category111,2022/7/1,7373 
category111,2023/6/1,7360 
category224,2023/3/1,7310 
category110,2023/1/1,7283 
category76,2023/5/1,7251 
category158,2022/8/1,7247 
category144,2022/7/1,7237 
category212,2023/6/1,7216 
category189,2022/7/1,7176 
category218,2023/3/1,7171 
category18,2022/9/1,7140 
category204,2022/7/1,7128 
category34,2023/4/1,7108 
category224,2023/4/1,7104 
category177,2023/1/1,7100 
category218,2022/8/1,7061 
category320,2023/6/1,7037 
category34,2023/3/1,7001 
category189,2022/8/1,7000 
category129,2022/8/1,6984 
category131,2023/6/1,6982 
category75,2023/1/1,6968 
category34,2022/9/1,6949 
category74,2023/3/1,6940 
category11,2023/5/1,6936 
category264,2023/3/1,6930 
category110,2023/4/1,6925 
category76,2022/7/1,6917 
category1,2022/7/1,6917 
category174,2023/2/1,6910 
category201,2023/4/1,6902 
category218,2023/4/1,6893 
category347,2023/2/1,6863 
category311,2023/6/1,6862 
category246,2022/8/1,6849 
category202,2023/5/1,6846 
category3,2023/4/1,6821 
category323,2023/2/1,6813 
category4,2023/5/1,6809 
category201,2022/9/1,6808 
category246,2022/7/1,6791 
category14,2023/4/1,6787 
category158,2022/9/1,6776 
category14,2023/3/1,6771 
category270,2023/1/1,6764 
category305,2022/7/1,6747 
category201,2022/8/1,6732 
category277,2023/5/1,6727 
category1,2023/4/1,6702 
category117,2023/3/1,6693 
category342,2023/6/1,6657 
category91,2023/6/1,6612 
category4,2023/3/1,6610 
category306,2022/7/1,6600 
category4,2023/2/1,6598 
category4,2023/1/1,6597 
category222,2023/1/1,6571 
category5,2022/7/1,6565 
category189,2022/9/1,6542 
category277,2022/8/1,6498 
category231,2022/9/1,6490 
category177,2023/6/1,6433 
category1,2023/5/1,6422 
category1,2023/1/1,6326 
category132,2023/2/1,6310 
category178,2023/2/1,6302 
category222,2022/7/1,6300 
category320,2023/4/1,6298 
category1,2022/8/1,6263 
category74,2023/2/1,6260 
category174,2023/5/1,6255 
category246,2023/2/1,6246 
category39,2023/6/1,6237 
category290,2022/7/1,6237 
category76,2023/3/1,6235 
category110,2023/3/1,6208 
category111,2023/1/1,6184 
category251,2022/9/1,6179 
category1,2023/6/1,6156 
category117,2023/4/1,6137 
category147,2023/2/1,6134 
category305,2022/8/1,6099 
category5,2022/8/1,6094 
category75,2022/9/1,6087 
category111,2023/5/1,6075 
category224,2023/1/1,6054 
category174,2023/4/1,6047 
category117,2023/6/1,6031 
category234,2023/3/1,6028 
category222,2023/4/1,6025 
category204,2023/1/1,6019 
category34,2023/1/1,6016 
category174,2023/3/1,6014 
category333,2022/7/1,6002 
category333,2023/3/1,6002 
category333,2022/9/1,6002 
category333,2023/4/1,6002 
category333,2022/8/1,6002 
category333,2023/1/1,6002 
category333,2023/2/1,6002 
category333,2023/6/1,6002 
category333,2023/5/1,6002 
category218,2022/9/1,5978 
category150,2022/7/1,5975 
category330,2023/6/1,5939 
category172,2022/9/1,5938 
category292,2023/1/1,5931 
category252,2023/3/1,5927 
category5,2022/9/1,5882 
category224,2022/8/1,5877 
category1,2023/3/1,5871 
category312,2023/6/1,5863 
category222,2023/3/1,5852 
category189,2023/3/1,5843 
category76,2023/4/1,5829 
category74,2022/9/1,5817 
category277,2023/1/1,5815 
category224,2023/6/1,5815 
category120,2022/7/1,5813 
category222,2022/8/1,5793 
category98,2023/6/1,5785 
category320,2023/3/1,5782 
category34,2023/2/1,5759 
category75,2023/3/1,5759 
category222,2022/9/1,5757 
category155,2023/1/1,5748 
category302,2023/6/1,5735 
category222,2023/5/1,5730 
category53,2022/8/1,5722 
category1,2023/2/1,5718 
category224,2022/7/1,5716 
category19,2023/4/1,5715 
category204,2022/8/1,5714 
category1,2022/9/1,5705 
category117,2023/5/1,5689 
category66,2023/2/1,5646 
category186,2022/9/1,5643 
category120,2022/8/1,5636 
category75,2023/2/1,5622 
category224,2023/2/1,5586 
category19,2023/3/1,5586 
category168,2022/7/1,5556 
category277,2022/9/1,5532 
category202,2023/1/1,5527 
category277,2022/7/1,5503 
category172,2022/8/1,5458 
category347,2023/4/1,5452 
category39,2023/4/1,5447 
category264,2022/8/1,5434 
category224,2023/5/1,5433 
category252,2023/1/1,5425 
category145,2023/4/1,5425 
category174,2023/6/1,5421 
category217,2023/5/1,5421 
category270,2023/2/1,5411 
category3,2023/3/1,5410 
category119,2023/2/1,5391 
category147,2023/6/1,5372 
category14,2022/9/1,5339 
category4,2022/8/1,5338 
category201,2023/5/1,5337 
category4,2022/7/1,5326 
category290,2023/1/1,5319 
category132,2022/7/1,5317 
category186,2022/7/1,5313 
category177,2023/2/1,5295 
category144,2023/2/1,5294 
category204,2022/9/1,5236 
category101,2023/6/1,5223 
category125,2023/4/1,5222 
category150,2023/1/1,5193 
category19,2023/1/1,5193 
category320,2022/9/1,5181 
category67,2022/7/1,5163 
category111,2022/8/1,5146 
category270,2023/6/1,5145 
category19,2023/5/1,5134 
category117,2023/2/1,5123 
category306,2023/1/1,5082 
category277,2023/3/1,5066 
category150,2023/4/1,5042 
category347,2023/6/1,5033 
category144,2023/3/1,5024 
category222,2023/2/1,5001 
category147,2023/3/1,4996 
category125,2022/8/1,4994 
category150,2023/6/1,4992 
category67,2022/8/1,4965 
category312,2023/1/1,4958 
category177,2022/7/1,4938 
category177,2022/9/1,4930 
category341,2023/1/1,4925 
category132,2023/3/1,4909 
category4,2022/9/1,4896 
category186,2022/8/1,4895 
category224,2022/9/1,4881 
category110,2023/2/1,4877 
category320,2023/1/1,4866 
category150,2023/2/1,4866 
category81,2023/6/1,4855 
category39,2023/3/1,4853 
category168,2022/8/1,4844 
category175,2023/1/1,4838 
category119,2023/3/1,4832 
category125,2023/6/1,4832 
category39,2023/5/1,4816 
category144,2022/8/1,4801 
category340,2022/9/1,4795 
category314,2023/1/1,4795 
category312,2023/5/1,4791 
category212,2023/5/1,4786 
category230,2023/5/1,4786 
category11,2023/4/1,4785 
category147,2023/5/1,4781 
category320,2022/7/1,4781 
category270,2023/5/1,4769 
category306,2022/8/1,4745 
category19,2023/6/1,4725 
category66,2023/1/1,4719 
category125,2022/7/1,4714 
category292,2022/9/1,4703 
category340,2022/8/1,4697 
category229,2022/7/1,4652 
category188,2022/7/1,4631 
category320,2023/2/1,4631 
category111,2022/9/1,4609 
category252,2023/2/1,4594 
category125,2023/1/1,4592 
category98,2023/5/1,4573 
category217,2023/4/1,4563 
category230,2022/7/1,4563 
category125,2022/9/1,4561 
category255,2023/1/1,4554 
category270,2022/7/1,4548 
category147,2023/4/1,4534 
category155,2023/5/1,4532 
category120,2022/9/1,4524 
category147,2022/7/1,4511 
category290,2022/8/1,4499 
category147,2022/9/1,4484 
category145,2023/1/1,4474 
category292,2023/2/1,4469 
category14,2022/8/1,4450 
category144,2023/6/1,4441 
category347,2022/9/1,4427 
category212,2023/2/1,4423 
category112,2023/6/1,4422 
category231,2022/8/1,4422 
category231,2022/7/1,4410 
category3,2022/8/1,4399 
category177,2023/3/1,4389 
category212,2023/4/1,4385 
category290,2023/3/1,4376 
category155,2023/3/1,4358 
category125,2023/3/1,4346 
category212,2023/1/1,4346 
category207,2023/6/1,4344 
category302,2023/4/1,4328 
category168,2022/9/1,4324 
category19,2022/9/1,4311 
category290,2023/2/1,4302 
category147,2022/8/1,4290 
category230,2022/8/1,4281 
category175,2023/2/1,4265 
category230,2023/6/1,4261 
category291,2023/6/1,4233 
category111,2023/2/1,4230 
category155,2022/9/1,4194 
category125,2023/2/1,4194 
category180,2022/8/1,4193 
category155,2023/4/1,4190 
category277,2023/2/1,4184 
category177,2022/8/1,4175 
category347,2023/3/1,4160 
category125,2023/5/1,4148 
category306,2022/9/1,4136 
category101,2022/7/1,4117 
category150,2022/8/1,4111 
category92,2023/2/1,4103 
category98,2023/4/1,4096 
category155,2023/6/1,4091 
category98,2022/8/1,4079 
category168,2023/1/1,4071 
category132,2022/8/1,4066 
category270,2023/3/1,4065 
category112,2023/1/1,4047 
category292,2023/3/1,4038 
category41,2023/6/1,4021 
category270,2022/9/1,4007 
category347,2022/7/1,3992 
category98,2023/3/1,3986 
category347,2023/1/1,3986 
category101,2023/1/1,3984 
category168,2023/4/1,3977 
category306,2023/2/1,3970 
category98,2023/1/1,3967 
category264,2022/7/1,3957 
category5,2023/1/1,3951 
category98,2023/2/1,3948 
category217,2023/3/1,3945 
category117,2023/1/1,3937 
category23,2023/2/1,3922 
category320,2022/8/1,3905 
category112,2022/9/1,3904 
category177,2023/4/1,3902 
category302,2022/7/1,3901 
category39,2023/1/1,3883 
category177,2023/5/1,3881 
category3,2022/9/1,3876 
category98,2022/7/1,3868 
category302,2023/3/1,3860 
category112,2023/3/1,3859 
category23,2023/3/1,3855 
category155,2022/8/1,3845 
category23,2023/4/1,3836 
category117,2022/9/1,3834 
category155,2023/2/1,3833 
category168,2023/6/1,3833 
category117,2022/8/1,3827 
category5,2023/2/1,3812 
category231,2023/6/1,3810 
category251,2023/1/1,3786 
category306,2023/4/1,3783 
category290,2022/9/1,3782 
category269,2023/4/1,3768 
category5,2023/3/1,3762 
category3,2023/2/1,3761 
category323,2023/3/1,3751 
category168,2023/5/1,3734 
category168,2023/2/1,3734 
category39,2023/2/1,3730 
category168,2023/3/1,3718 
category144,2022/9/1,3710 
category306,2023/5/1,3705 
category217,2023/2/1,3697 
category53,2022/9/1,3694 
category150,2022/9/1,3694 
category119,2023/4/1,3671 
category150,2023/3/1,3668 
category81,2023/5/1,3667 
category212,2023/3/1,3665 
category67,2022/9/1,3653 
category340,2023/1/1,3646 
category14,2022/7/1,3644 
category340,2022/7/1,3642 
category101,2023/5/1,3631 
category234,2023/4/1,3622 
category99,2022/9/1,3604 
category117,2022/7/1,3600 
category132,2022/9/1,3557 
category133,2023/6/1,3543 
category145,2023/3/1,3533 
category306,2023/6/1,3531 
category187,2022/9/1,3519 
category101,2023/4/1,3515 
category112,2022/7/1,3512 
category270,2023/4/1,3498 
category199,2023/4/1,3495 
category231,2023/3/1,3488 
category67,2023/1/1,3485 
category81,2022/8/1,3474 
category290,2023/6/1,3473 
category230,2023/1/1,3462 
category155,2022/7/1,3459 
category231,2023/2/1,3445 
category111,2023/4/1,3438 
category301,2023/6/1,3425 
category3,2023/1/1,3408 
category217,2023/1/1,3405 
category290,2023/4/1,3394 
category67,2023/2/1,3392 
category199,2023/6/1,3388 
category231,2023/4/1,3375 
category132,2023/4/1,3355 
category139,2022/7/1,3333 
category67,2023/3/1,3328 
category230,2022/9/1,3328 
category302,2022/8/1,3317 
category66,2023/3/1,3316 
category139,2022/8/1,3315 
category23,2022/8/1,3302 
category264,2023/2/1,3296 
category180,2023/2/1,3291 
category92,2022/9/1,3278 
category312,2022/9/1,3271 
category67,2023/4/1,3260 
category23,2022/9/1,3238 
category301,2023/1/1,3238 
category101,2023/3/1,3235 
category270,2022/8/1,3222 
category231,2023/5/1,3214 
category289,2022/7/1,3207 
category306,2023/3/1,3193 
category302,2023/1/1,3189 
category148,2022/9/1,3184 
category19,2023/2/1,3171 
category301,2022/9/1,3139 
category23,2023/1/1,3136 
category92,2023/6/1,3128 
category120,2023/1/1,3126 
category290,2023/5/1,3120 
category112,2022/8/1,3104 
category180,2023/1/1,3104 
category126,2023/6/1,3078 
category230,2023/2/1,3078 
category144,2023/4/1,3068 
category101,2022/8/1,3064 
category39,2022/8/1,3053 
category120,2023/2/1,3044 
category113,2023/5/1,3040 
category119,2023/5/1,3040 
category39,2022/7/1,3021 
category269,2023/6/1,3011 
category67,2023/5/1,3010 
category230,2023/4/1,2989 
category278,2023/1/1,2985 
category312,2022/7/1,2980 
category344,2023/6/1,2958 
category347,2023/5/1,2954 
category150,2023/5/1,2941 
category113,2023/6/1,2935 
category92,2023/1/1,2923 
category98,2022/9/1,2920 
category302,2022/9/1,2915 
category145,2023/2/1,2886 
category19,2022/8/1,2861 
category301,2023/3/1,2822 
category133,2023/5/1,2769 
category111,2023/3/1,2764 
category112,2023/4/1,2763 
category120,2023/5/1,2760 
category347,2022/8/1,2748 
category230,2023/3/1,2739 
category278,2022/9/1,2709 
category341,2023/2/1,2693 
category113,2023/4/1,2688 
category120,2023/6/1,2687 
category23,2023/5/1,2687 
category99,2022/7/1,2682 
category23,2023/6/1,2662 
category162,2023/5/1,2659 
category312,2023/2/1,2653 
category251,2023/3/1,2637 
category199,2023/5/1,2629 
category289,2023/6/1,2629 
category312,2023/3/1,2625 
category144,2023/5/1,2609 
category278,2022/7/1,2592 
category133,2023/4/1,2587 
category120,2023/4/1,2582 
category289,2022/8/1,2576 
category23,2022/7/1,2567 
category312,2023/4/1,2554 
category131,2023/4/1,2550 
category251,2023/2/1,2546 
category234,2023/5/1,2532 
category278,2023/2/1,2515 
category39,2022/9/1,2510 
category312,2022/8/1,2508 
category340,2023/6/1,2504 
category278,2022/8/1,2500 
category301,2022/7/1,2489 
category202,2022/7/1,2483 
category289,2023/4/1,2479 
category175,2022/7/1,2445 
category59,2022/7/1,2439 
category113,2023/3/1,2435 
category265,2023/5/1,2432 
category99,2022/8/1,2424 
category162,2022/7/1,2419 
category126,2023/4/1,2413 
category335,2022/7/1,2398 
category301,2023/4/1,2397 
category148,2022/8/1,2395 
category101,2023/2/1,2391 
category289,2023/1/1,2390 
category292,2023/6/1,2374 
category278,2023/3/1,2362 
category106,2022/7/1,2354 
category92,2022/7/1,2337 
category101,2022/9/1,2333 
category179,2022/9/1,2331 
category302,2023/2/1,2331 
category289,2023/3/1,2330 
category255,2023/2/1,2321 
category120,2023/3/1,2314 
category182,2023/3/1,2308 
category11,2022/8/1,2305 
category129,2022/7/1,2299 
category179,2023/3/1,2298 
category289,2023/5/1,2293 
category99,2023/6/1,2266 
category314,2023/2/1,2264 
category162,2023/3/1,2259 
category298,2023/3/1,2245 
category301,2023/2/1,2229 
category5,2023/4/1,2226 
category112,2023/5/1,2225 
category99,2023/4/1,2223 
category92,2023/3/1,2221 
category113,2022/7/1,2210 
category278,2023/6/1,2209 
category113,2023/2/1,2206 
category113,2022/9/1,2205 
category340,2023/2/1,2201 
category81,2023/3/1,2199 
category265,2023/1/1,2199 
category301,2022/8/1,2190 
category113,2022/8/1,2188 
category342,2023/1/1,2188 
category133,2023/1/1,2182 
category96,2022/7/1,2178 
category182,2023/4/1,2170 
category180,2023/6/1,2169 
category96,2022/8/1,2168 
category131,2023/3/1,2156 
category180,2022/9/1,2151 
category113,2023/1/1,2136 
category99,2023/2/1,2133 
category182,2023/5/1,2127 
category344,2023/5/1,2114 
category81,2022/9/1,2107 
category314,2023/3/1,2097 
category126,2023/2/1,2087 
category175,2023/6/1,2087 
category99,2023/5/1,2081 
category340,2023/5/1,2069 
category182,2023/6/1,2067 
category340,2023/3/1,2066 
category126,2023/3/1,2061 
category92,2022/8/1,2054 
category220,2022/8/1,2045 
category346,2023/1/1,2043 
category81,2022/7/1,2043 
category220,2022/9/1,2040 
category340,2023/4/1,2029 
category278,2023/4/1,2021 
category145,2022/7/1,2021 
category106,2023/6/1,2012 
category126,2023/5/1,2007 
category341,2022/7/1,2006 
category342,2023/4/1,1999 
category99,2023/1/1,1974 
category265,2023/4/1,1974 
category309,2023/5/1,1956 
category289,2022/9/1,1949 
category330,2023/5/1,1939 
category346,2023/2/1,1921 
category3,2022/7/1,1917 
category92,2023/5/1,1905 
category126,2023/1/1,1893 
category133,2023/3/1,1890 
category81,2023/1/1,1888 
category220,2023/1/1,1886 
category278,2023/5/1,1884 
category301,2023/5/1,1882 
category68,2022/7/1,1873 
category298,2022/9/1,1869 
category179,2023/2/1,1869 
category341,2023/3/1,1869 
category292,2023/4/1,1866 
category180,2023/3/1,1860 
category133,2023/2/1,1858 
category217,2022/7/1,1854 
category175,2022/8/1,1853 
category220,2023/6/1,1849 
category346,2022/8/1,1844 
category350,2023/1/1,1838 
category106,2023/1/1,1834 
category99,2023/3/1,1789 
category179,2023/4/1,1785 
category220,2023/2/1,1776 
category269,2023/5/1,1751 
category319,2023/6/1,1731 
category346,2023/3/1,1711 
category126,2022/8/1,1701 
category119,2023/6/1,1687 
category334,2023/6/1,1687 
category298,2022/7/1,1676 
category69,2022/7/1,1664 
category68,2023/1/1,1662 
category175,2023/5/1,1661 
category298,2022/8/1,1657 
category207,2023/4/1,1648 
category131,2023/2/1,1634 
category175,2023/3/1,1634 
category220,2022/7/1,1630 
category217,2022/8/1,1629 
category341,2022/9/1,1626 
category350,2022/8/1,1613 
category139,2022/9/1,1612 
category41,2023/4/1,1607 
category126,2022/7/1,1603 
category126,2022/9/1,1600 
category175,2022/9/1,1582 
category298,2023/2/1,1578 
category179,2023/5/1,1570 
category314,2023/4/1,1569 
category335,2022/8/1,1558 
category314,2023/6/1,1556 
category298,2023/6/1,1549 
category92,2023/4/1,1548 
category11,2022/7/1,1544 
category133,2022/9/1,1527 
category148,2023/5/1,1491 
category131,2023/5/1,1488 
category220,2023/3/1,1485 
category179,2023/1/1,1485 
category67,2023/6/1,1483 
category179,2023/6/1,1481 
category162,2022/8/1,1479 
category96,2023/1/1,1477 
category346,2022/9/1,1471 
category96,2023/3/1,1469 
category68,2022/8/1,1468 
category298,2023/4/1,1468 
category298,2023/1/1,1467 
category265,2023/2/1,1464 
category96,2022/9/1,1445 
category81,2023/4/1,1444 
category265,2023/3/1,1443 
category323,2023/4/1,1441 
category310,2022/7/1,1440 
category96,2023/4/1,1438 
category175,2023/4/1,1437 
category220,2023/4/1,1434 
category335,2023/1/1,1432 
category69,2022/8/1,1424 
category66,2022/7/1,1423 
category217,2022/9/1,1416 
category310,2022/8/1,1413 
category298,2023/5/1,1412 
category148,2023/6/1,1411 
category310,2022/9/1,1406 
category349,2022/7/1,1406 
category206,2022/7/1,1403 
category68,2023/4/1,1399 
category202,2022/8/1,1399 
category96,2023/2/1,1392 
category10,2023/3/1,1373 
category179,2022/8/1,1372 
category134,2022/7/1,1372 
category145,2022/8/1,1370 
category106,2022/9/1,1370 
category314,2022/8/1,1366 
category342,2022/7/1,1364 
category68,2023/3/1,1360 
category350,2023/6/1,1357 
category134,2022/8/1,1354 
category134,2022/9/1,1352 
category344,2023/4/1,1351 
category341,2022/8/1,1347 
category68,2022/9/1,1334 
category112,2023/2/1,1327 
category199,2023/1/1,1327 
category234,2022/7/1,1323 
category162,2023/6/1,1321 
category106,2022/8/1,1315 
category207,2023/5/1,1310 
category96,2023/5/1,1309 
category68,2023/5/1,1308 
category327,2022/7/1,1308 
category69,2023/6/1,1306 
category57,2023/4/1,1306 
category310,2023/1/1,1300 
category59,2022/8/1,1289 
category132,2023/5/1,1289 
category310,2023/2/1,1288 
category220,2023/5/1,1284 
category310,2023/3/1,1272 
category251,2023/6/1,1262 
category11,2022/9/1,1261 
category148,2023/1/1,1258 
category310,2023/4/1,1257 
category335,2022/9/1,1250 
category342,2023/3/1,1247 
category221,2023/6/1,1246 
category199,2023/3/1,1245 
category162,2023/1/1,1240 
category106,2023/5/1,1236 
category106,2023/2/1,1236 
category349,2022/8/1,1227 
category69,2023/5/1,1225 
category69,2023/4/1,1211 
category199,2023/2/1,1206 
category66,2022/8/1,1205 
category68,2023/6/1,1188 
category57,2023/6/1,1181 
category59,2022/9/1,1179 
category9,2023/6/1,1177 
category291,2023/1/1,1176 
category69,2022/9/1,1173 
category206,2022/8/1,1168 
category133,2022/8/1,1163 
category10,2023/4/1,1162 
category66,2023/4/1,1150 
category291,2023/5/1,1146 
category57,2022/7/1,1146 
category148,2023/4/1,1139 
category221,2023/5/1,1130 
category350,2023/2/1,1119 
category206,2023/1/1,1115 
category335,2023/4/1,1115 
category9,2023/5/1,1110 
category350,2023/3/1,1107 
category310,2023/5/1,1097 
category269,2023/2/1,1086 
category106,2023/4/1,1074 
category206,2023/6/1,1069 
category341,2023/4/1,1060 
category148,2023/3/1,1059 
category206,2023/5/1,1059 
category57,2023/5/1,1056 
category314,2022/9/1,1045 
category304,2022/7/1,1032 
category69,2023/3/1,1031 
category41,2023/5/1,1026 
category269,2023/1/1,1025 
category132,2023/6/1,1021 
category57,2023/3/1,1021 
category314,2023/5/1,1007 
category234,2022/8/1,994 
category57,2023/1/1,988 
category69,2023/2/1,987 
category162,2022/9/1,985 
category235,2022/7/1,985 
category269,2023/3/1,979 
category133,2022/7/1,978 
category180,2023/5/1,976 
category251,2023/4/1,973 
category142,2023/6/1,969 
category69,2023/1/1,963 
category10,2023/5/1,963 
category349,2022/9/1,959 
category292,2023/5/1,947 
category206,2023/3/1,945 
category68,2023/2/1,939 
category202,2022/9/1,928 
category66,2023/5/1,928 
category206,2023/2/1,928 
category162,2023/4/1,927 
category342,2023/5/1,919 
category206,2023/4/1,916 
category235,2022/9/1,904 
category255,2022/7/1,903 
category343,2023/3/1,896 
category57,2022/8/1,896 
category327,2022/8/1,891 
category323,2023/5/1,888 
category36,2023/3/1,883 
category314,2022/7/1,883 
category142,2023/5/1,881 
category346,2023/4/1,874 
category221,2023/4/1,862 
category343,2023/4/1,860 
category265,2022/8/1,855 
category235,2022/8/1,846 
category350,2023/4/1,842 
category350,2022/7/1,837 
category50,2023/6/1,837 
category319,2023/1/1,834 
category206,2022/9/1,827 
category181,2023/6/1,825 
category334,2023/5/1,816 
category289,2023/2/1,815 
category319,2023/4/1,814 
category331,2022/9/1,812 
category81,2023/2/1,809 
category10,2023/6/1,806 
category36,2023/4/1,805 
category162,2023/2/1,798 
category66,2023/6/1,797 
category335,2023/5/1,790 
category142,2022/7/1,786 
category234,2022/9/1,780 
category36,2023/6/1,780 
category199,2022/8/1,773 
category142,2023/4/1,761 
category269,2022/8/1,761 
category341,2023/6/1,758 
category106,2023/3/1,755 
category335,2023/2/1,755 
category119,2022/7/1,752 
category269,2022/7/1,745 
category187,2022/8/1,740 
category319,2023/5/1,733 
category57,2022/9/1,726 
category265,2022/9/1,721 
category142,2023/3/1,720 
category199,2022/9/1,720 
category50,2023/5/1,719 
category199,2022/7/1,707 
category335,2023/6/1,706 
category309,2023/4/1,697 
category6,2023/5/1,694 
category319,2023/3/1,693 
category6,2023/6/1,691 
category319,2023/2/1,689 
category142,2022/8/1,679 
category291,2023/3/1,669 
category131,2023/1/1,665 
category180,2023/4/1,664 
category181,2023/1/1,651 
category36,2023/5/1,649 
category149,2023/6/1,642 
category179,2022/7/1,638 
category142,2023/2/1,637 
category181,2023/2/1,635 
category10,2022/7/1,632 
category142,2023/1/1,628 
category323,2023/6/1,622 
category142,2022/9/1,621 
category251,2023/5/1,614 
category291,2023/4/1,612 
category343,2023/5/1,611 
category331,2022/8/1,609 
category119,2022/8/1,608 
category235,2023/2/1,604 
category50,2023/3/1,602 
category119,2022/9/1,598 
category207,2023/3/1,598 
category41,2023/1/1,596 
category181,2023/3/1,593 
category50,2023/1/1,591 
category309,2023/3/1,588 
category6,2023/4/1,587 
category235,2023/4/1,585 
category235,2023/1/1,585 
category41,2023/3/1,579 
category149,2023/2/1,574 
category50,2023/4/1,570 
category350,2023/5/1,566 
category269,2022/9/1,562 
category341,2023/5/1,561 
category342,2022/8/1,560 
category187,2023/3/1,558 
category344,2023/3/1,555 
category235,2023/6/1,553 
category181,2023/4/1,548 
category326,2023/6/1,544 
category55,2023/4/1,539 
category235,2023/5/1,537 
category149,2023/5/1,527 
category213,2023/4/1,522 
category309,2022/7/1,521 
category244,2022/7/1,519 
category255,2022/8/1,511 
category10,2022/8/1,510 
category319,2022/9/1,509 
category244,2022/8/1,505 
category10,2022/9/1,500 
category329,2022/8/1,499 
category149,2022/7/1,497 
category329,2022/9/1,493 
category291,2023/2/1,492 
category145,2022/9/1,491 
category55,2023/3/1,490 
category244,2022/9/1,489 
category57,2023/2/1,483 
category309,2023/1/1,483 
category349,2023/1/1,481 
category235,2023/3/1,474 
category319,2022/8/1,468 
category50,2022/9/1,467 
category328,2023/3/1,465 
category50,2022/8/1,464 
category50,2023/2/1,461 
category134,2023/2/1,458 
category134,2023/1/1,457 
category328,2023/4/1,457 
category134,2023/3/1,456 
category134,2023/4/1,454 
category134,2023/5/1,453 
category343,2023/6/1,451 
category96,2023/6/1,444 
category304,2022/8/1,443 
category6,2023/1/1,442 
category328,2023/5/1,435 
category329,2023/6/1,425 
category244,2023/1/1,420 
category55,2023/1/1,416 
category327,2022/9/1,416 
category149,2022/9/1,414 
category149,2022/8/1,413 
category52,2022/8/1,412 
category55,2023/2/1,408 
category213,2023/2/1,407 
category181,2023/5/1,405 
category244,2023/2/1,403 
category54,2023/1/1,402 
category329,2023/3/1,401 
category329,2023/4/1,401 
category329,2023/5/1,401 
category329,2023/2/1,401 
category329,2023/1/1,400 
category149,2023/3/1,399 
category328,2023/2/1,398 
category335,2023/3/1,398 
category24,2022/7/1,396 
category328,2023/6/1,392 
category36,2023/1/1,389 
category244,2023/3/1,389 
category213,2023/3/1,388 
category344,2023/1/1,386 
category294,2023/1/1,385 
category342,2022/9/1,379 
category71,2022/7/1,375 
category55,2023/6/1,373 
category244,2023/4/1,373 
category6,2022/7/1,372 
category37,2023/6/1,367 
category304,2022/9/1,361 
category349,2023/2/1,360 
category10,2023/2/1,359 
category149,2023/1/1,359 
category149,2023/4/1,357 
category131,2022/7/1,355 
category181,2022/9/1,355 
category193,2023/5/1,347 
category315,2023/1/1,342 
category6,2023/2/1,338 
category244,2023/5/1,337 
category6,2022/8/1,337 
category41,2023/2/1,332 
category213,2023/6/1,331 
category244,2023/6/1,330 
category6,2023/3/1,328 
category193,2023/2/1,323 
category55,2023/5/1,320 
category294,2023/4/1,320 
category193,2023/6/1,319 
category9,2022/8/1,317 
category255,2022/9/1,315 
category317,2022/7/1,313 
category350,2022/9/1,308 
category193,2023/1/1,304 
category221,2023/3/1,304 
category213,2023/5/1,303 
category317,2022/9/1,303 
category338,2022/8/1,296 
category9,2022/7/1,294 
category9,2023/1/1,289 
category317,2022/8/1,289 
category344,2023/2/1,288 
category310,2023/6/1,288 
category193,2023/3/1,284 
category9,2023/4/1,279 
category349,2023/4/1,277 
category328,2023/1/1,277 
category54,2023/3/1,276 
category181,2022/8/1,274 
category294,2023/2/1,272 
category343,2022/7/1,269 
category327,2023/2/1,268 
category343,2022/8/1,266 
category349,2023/5/1,261 
category193,2023/4/1,257 
category36,2023/2/1,252 
category6,2022/9/1,246 
category181,2022/7/1,241 
category213,2023/1/1,240 
category338,2022/7/1,237 
category330,2022/7/1,235 
category265,2022/7/1,234 
category317,2023/1/1,232 
category349,2023/3/1,231 
category193,2022/9/1,231 
category31,2022/7/1,230 
category338,2022/9/1,230 
category315,2023/3/1,228 
category315,2023/5/1,225 
category315,2023/2/1,225 
category31,2022/8/1,224 
category170,2023/4/1,217 
category315,2023/4/1,215 
category207,2023/1/1,208 
category330,2022/8/1,206 
category338,2023/1/1,202 
category338,2023/6/1,201 
category36,2022/7/1,199 
category221,2022/8/1,198 
category193,2022/8/1,196 
category317,2023/2/1,196 
category221,2023/1/1,195 
category131,2022/8/1,195 
category219,2022/7/1,190 
category167,2023/3/1,189 
category334,2023/4/1,189 
category338,2023/5/1,188 
category134,2023/6/1,187 
category55,2022/9/1,187 
category193,2022/7/1,187 
category167,2023/2/1,185 
category315,2023/6/1,185 
category9,2023/2/1,183 
category343,2022/9/1,183 
category55,2022/8/1,182 
category213,2022/8/1,182 
category330,2022/9/1,182 
category41,2022/8/1,181 
category170,2023/5/1,180 
category219,2022/9/1,180 
category219,2022/8/1,178 
category317,2023/4/1,178 
category148,2023/2/1,177 
category37,2022/7/1,177 
category31,2022/9/1,172 
category37,2022/8/1,172 
category221,2022/7/1,171 
category327,2023/3/1,170 
category37,2022/9/1,168 
category338,2023/3/1,168 
category349,2023/6/1,168 
category9,2022/9/1,166 
category31,2023/1/1,165 
category37,2023/3/1,164 
category31,2023/2/1,162 
category219,2023/1/1,161 
category36,2022/8/1,160 
category338,2023/4/1,160 
category9,2023/3/1,160 
category213,2022/9/1,160 
category219,2023/3/1,160 
category31,2023/3/1,159 
category338,2023/2/1,159 
category41,2022/7/1,158 
category317,2023/5/1,157 
category309,2022/8/1,156 
category31,2023/4/1,156 
category115,2023/3/1,155 
category216,2023/6/1,155 
category219,2023/4/1,155 
category219,2023/2/1,155 
category317,2023/3/1,155 
category221,2023/2/1,153 
category334,2022/7/1,152 
category294,2023/5/1,150 
category115,2023/6/1,150 
category219,2023/5/1,148 
category346,2023/5/1,148 
category115,2023/4/1,145 
category170,2023/6/1,145 
category216,2023/1/1,144 
category291,2022/9/1,144 
category37,2023/1/1,142 
category346,2023/6/1,140 
category115,2023/5/1,138 
category115,2022/9/1,136 
category131,2022/9/1,135 
category31,2023/5/1,135 
category170,2022/7/1,133 
category327,2023/4/1,131 
category37,2023/5/1,130 
category309,2022/9/1,129 
category294,2023/6/1,127 
category317,2023/6/1,127 
category334,2023/3/1,126 
category36,2022/9/1,125 
category115,2023/1/1,124 
category221,2022/9/1,124 
category343,2023/2/1,124 
category167,2023/5/1,123 
category327,2023/1/1,123 
category167,2023/4/1,123 
category294,2022/7/1,122 
category343,2023/1/1,122 
category219,2023/6/1,121 
category309,2023/2/1,119 
category207,2023/2/1,116 
category334,2022/9/1,116 
category170,2022/8/1,115 
category315,2022/7/1,115 
category37,2023/2/1,113 
category54,2023/4/1,111 
category319,2022/7/1,110 
category216,2023/2/1,109 
category291,2022/8/1,108 
category115,2022/8/1,106 
category83,2023/6/1,106 
category207,2022/7/1,106 
category342,2023/2/1,105 
category83,2023/4/1,104 
category37,2023/4/1,101 
category82,2023/6/1,101 
category210,2023/6/1,101 
category115,2023/2/1,96 
category187,2023/1/1,95 
category337,2023/2/1,95 
category83,2022/9/1,92 
category334,2022/8/1,91 
category115,2022/7/1,90 
category260,2022/7/1,89 
category337,2022/7/1,88 
category167,2023/6/1,87 
category210,2023/5/1,86 
category82,2022/8/1,85 
category291,2022/7/1,84 
category82,2023/4/1,83 
category337,2023/4/1,83 
category54,2023/2/1,82 
category83,2022/7/1,78 
category216,2023/4/1,78 
category55,2022/7/1,75 
category337,2023/5/1,75 
category288,2022/8/1,75 
category327,2023/5/1,74 
category83,2023/5/1,73 
category337,2023/6/1,73 
category294,2022/8/1,72 
category187,2023/4/1,71 
category337,2023/3/1,71 
category216,2023/5/1,71 
category334,2023/1/1,70 
category82,2023/2/1,69 
category82,2023/5/1,68 
category315,2022/9/1,68 
category83,2023/2/1,67 
category216,2022/7/1,67 
category216,2023/3/1,67 
category294,2023/3/1,67 
category83,2023/3/1,65 
category187,2023/5/1,65 
category260,2022/9/1,65 
category326,2022/8/1,64 
category330,2023/1/1,64 
category167,2023/1/1,63 
category216,2022/9/1,63 
category328,2022/9/1,63 
category41,2022/9/1,62 
category82,2023/1/1,62 
category83,2023/1/1,62 
category216,2022/8/1,61 
category337,2023/1/1,59 
category82,2023/3/1,59 
category187,2023/2/1,59 
category294,2022/9/1,59 
category54,2022/9/1,58 
category82,2022/9/1,58 
category187,2022/7/1,58 
category348,2022/7/1,57 
category348,2022/8/1,57 
category54,2022/8/1,57 
category54,2022/7/1,56 
category334,2023/2/1,56 
category328,2022/7/1,55 
category344,2022/8/1,55 
category260,2022/8/1,55 
category337,2022/8/1,54 
category339,2022/7/1,54 
category339,2023/1/1,52 
category328,2022/8/1,52 
category326,2023/1/1,51 
category339,2023/2/1,51 
category167,2022/9/1,50 
category339,2022/8/1,50 
category339,2023/3/1,49 
category339,2022/9/1,49 
category339,2023/4/1,49 
category260,2023/1/1,48 
category332,2022/7/1,47 
category332,2022/9/1,47 
category332,2022/8/1,47 
category326,2023/2/1,45 
category82,2022/7/1,44 
category187,2023/6/1,44 
category331,2022/7/1,43 
category260,2023/2/1,42 
category83,2022/8/1,40 
category288,2022/7/1,40 
category274,2023/6/1,39 
category327,2023/6/1,39 
category344,2022/7/1,38 
category31,2023/6/1,37 
category210,2023/2/1,37 
category212,2022/9/1,37 
category260,2023/3/1,37 
category260,2023/4/1,37 
category260,2023/6/1,37 
category249,2022/9/1,36 
category249,2022/8/1,36 
category249,2022/7/1,35 
category274,2023/4/1,35 
category249,2023/5/1,35 
category260,2023/5/1,35 
category330,2023/2/1,35 
category274,2023/2/1,34 
category249,2023/3/1,34 
category249,2023/4/1,34 
category249,2023/1/1,34 
category249,2023/2/1,34 
category274,2023/5/1,34 
category330,2023/4/1,34 
category212,2022/7/1,33 
category249,2023/6/1,33 
category344,2022/9/1,33 
category52,2022/7/1,31 
category170,2023/1/1,31 
category315,2022/8/1,30 
category210,2023/4/1,29 
category339,2023/5/1,29 
category337,2022/9/1,29 
category348,2022/9/1,29 
category5,2023/5/1,28 
category274,2023/3/1,27 
category339,2023/6/1,27 
category170,2023/3/1,26 
category159,2022/9/1,25 
category159,2022/7/1,25 
category159,2023/3/1,25 
category159,2023/1/1,25 
category159,2023/4/1,25 
category159,2023/2/1,25 
category159,2023/5/1,25 
category159,2023/6/1,25 
category159,2022/8/1,25 
category212,2022/8/1,24 
category210,2022/9/1,24 
category170,2022/9/1,23 
category207,2022/8/1,22 
category7,2022/7/1,21 
category346,2022/7/1,20 
category330,2023/3/1,19 
category274,2022/9/1,19 
category274,2022/8/1,18 
category274,2023/1/1,18 
category7,2022/9/1,17 
category288,2022/9/1,17 
category7,2022/8/1,17 
category167,2022/7/1,16 
category7,2023/1/1,16 
category167,2022/8/1,16 
category7,2023/2/1,15 
category54,2023/5/1,15 
category210,2023/3/1,15 
category7,2023/3/1,14 
category345,2023/1/1,14 
category345,2023/2/1,13 
category326,2022/9/1,13 
category336,2023/2/1,12 
category336,2023/1/1,12 
category348,2023/1/1,12 
category345,2022/9/1,11 
category348,2023/3/1,11 
category348,2023/2/1,11 
category288,2023/3/1,11 
category288,2023/1/1,11 
category288,2023/2/1,11 
category345,2023/3/1,11 
category348,2023/4/1,11 
category7,2023/4/1,10 
category192,2022/7/1,10 
category170,2023/2/1,10 
category288,2023/4/1,10 
category10,2023/1/1,9 
category336,2023/3/1,9 
category50,2022/7/1,9 
category54,2023/6/1,9 
category213,2022/7/1,9 
category345,2023/4/1,9 
category207,2022/9/1,8 
category348,2023/5/1,8 
category7,2023/5/1,8 
category345,2022/7/1,8 
category332,2023/1/1,7 
category345,2023/5/1,7 
category348,2023/6/1,7 
category345,2022/8/1,7 
category274,2022/7/1,6 
category332,2023/3/1,6 
category332,2023/2/1,6 
category7,2023/6/1,6 
category288,2023/5/1,5 
category332,2023/4/1,5 
category336,2023/4/1,4 
category288,2023/6/1,4 
category332,2023/6/1,3 
category332,2023/5/1,3 
category326,2022/7/1,3 
category345,2023/6/1,2 
category304,2023/3/1,2 
category304,2023/4/1,2 
category304,2023/2/1,2 
category304,2023/6/1,2 
category304,2023/5/1,2 
category304,2023/1/1,2 
category336,2023/6/1,1 
category336,2023/5/1,1 
category210,2022/7/1,1 
category210,2022/8/1,1 
category210,2023/1/1,1 
category326,2023/3/1,1 
category326,2023/4/1,1 
category326,2023/5/1,1 
category329,2022/7/1,1 
category336,2022/7/1,1 
category336,2022/9/1,1 
category336,2022/8/1,1 